filename,mood
C:\Users\orial\OneDrive\Desktop\archive\Data\genres_original\blues\blues.00000.wav,Sad
C:\Users\orial\OneDrive\Desktop\archive\Data\genres_original\blues\blues.00001.wav,Sad
C:\Users\orial\OneDrive\Desktop\archive\Data\genres_original\blues\blues.00002.wav,Sad
C:\Users\orial\OneDrive\Desktop\archive\Data\genres_original\blues\blues.00003.wav,Sad
C:\Users\orial\OneDrive\Desktop\archive\Data\genres_original\blues\blues.00004.wav,Sad
C:\Users\orial\OneDrive\Desktop\archive\Data\genres_original\blues\blues.00005.wav,Sad
C:\Users\orial\OneDrive\Desktop\archive\Data\genres_original\blues\blues.00006.wav,Sad
C:\Users\orial\OneDrive\Desktop\archive\Data\genres_original\blues\blues.00007.wav,Sad
C:\Users\orial\OneDrive\Desktop\archive\Data\genres_original\blues\blues.00008.wav,Sad
C:\Users\orial\OneDrive\Desktop\archive\Data\genres_original\blues\blues.00009.wav,Sad
C:\Users\orial\OneDrive\Desktop\archive\Data\genres_original\blues\blues.00010.wav,Sad
C:\Users\orial\OneDrive\Desktop\archive\Data\genres_original\blues\blues.00011.wav,Sad
C:\Users\orial\OneDrive\Desktop\archive\Data\genres_original\blues\blues.00012.wav,Sad
C:\Users\orial\OneDrive\Desktop\archive\Data\genres_original\blues\blues.00013.wav,Sad
C:\Users\orial\OneDrive\Desktop\archive\Data\genres_original\blues\blues.00014.wav,Sad
C:\Users\orial\OneDrive\Desktop\archive\Data\genres_original\blues\blues.00015.wav,Sad
C:\Users\orial\OneDrive\Desktop\archive\Data\genres_original\blues\blues.00016.wav,Sad
C:\Users\orial\OneDrive\Desktop\archive\Data\genres_original\blues\blues.00017.wav,Sad
C:\Users\orial\OneDrive\Desktop\archive\Data\genres_original\blues\blues.00018.wav,Sad
C:\Users\orial\OneDrive\Desktop\archive\Data\genres_original\blues\blues.00019.wav,Sad
C:\Users\orial\OneDrive\Desktop\archive\Data\genres_original\blues\blues.00020.wav,Sad
C:\Users\orial\OneDrive\Desktop\archive\Data\genres_original\blues\blues.00021.wav,Sad
C:\Users\orial\OneDrive\Desktop\archive\Data\genres_original\blues\blues.00022.wav,Sad
C:\Users\orial\OneDrive\Desktop\archive\Data\genres_original\blues\blues.00023.wav,Sad
C:\Users\orial\OneDrive\Desktop\archive\Data\genres_original\blues\blues.00024.wav,Sad
C:\Users\orial\OneDrive\Desktop\archive\Data\genres_original\blues\blues.00025.wav,Sad
C:\Users\orial\OneDrive\Desktop\archive\Data\genres_original\blues\blues.00026.wav,Sad
C:\Users\orial\OneDrive\Desktop\archive\Data\genres_original\blues\blues.00027.wav,Sad
C:\Users\orial\OneDrive\Desktop\archive\Data\genres_original\blues\blues.00028.wav,Sad
C:\Users\orial\OneDrive\Desktop\archive\Data\genres_original\blues\blues.00029.wav,Sad
C:\Users\orial\OneDrive\Desktop\archive\Data\genres_original\blues\blues.00030.wav,Sad
C:\Users\orial\OneDrive\Desktop\archive\Data\genres_original\blues\blues.00031.wav,Sad
C:\Users\orial\OneDrive\Desktop\archive\Data\genres_original\blues\blues.00032.wav,Sad
C:\Users\orial\OneDrive\Desktop\archive\Data\genres_original\blues\blues.00033.wav,Sad
C:\Users\orial\OneDrive\Desktop\archive\Data\genres_original\blues\blues.00034.wav,Sad
C:\Users\orial\OneDrive\Desktop\archive\Data\genres_original\blues\blues.00035.wav,Sad
C:\Users\orial\OneDrive\Desktop\archive\Data\genres_original\blues\blues.00036.wav,Sad
C:\Users\orial\OneDrive\Desktop\archive\Data\genres_original\blues\blues.00037.wav,Sad
C:\Users\orial\OneDrive\Desktop\archive\Data\genres_original\blues\blues.00038.wav,Sad
C:\Users\orial\OneDrive\Desktop\archive\Data\genres_original\blues\blues.00039.wav,Sad
C:\Users\orial\OneDrive\Desktop\archive\Data\genres_original\blues\blues.00040.wav,Sad
C:\Users\orial\OneDrive\Desktop\archive\Data\genres_original\blues\blues.00041.wav,Sad
C:\Users\orial\OneDrive\Desktop\archive\Data\genres_original\blues\blues.00042.wav,Sad
C:\Users\orial\OneDrive\Desktop\archive\Data\genres_original\blues\blues.00043.wav,Sad
C:\Users\orial\OneDrive\Desktop\archive\Data\genres_original\blues\blues.00044.wav,Sad
C:\Users\orial\OneDrive\Desktop\archive\Data\genres_original\blues\blues.00045.wav,Sad
C:\Users\orial\OneDrive\Desktop\archive\Data\genres_original\blues\blues.00046.wav,Sad
C:\Users\orial\OneDrive\Desktop\archive\Data\genres_original\blues\blues.00047.wav,Sad
C:\Users\orial\OneDrive\Desktop\archive\Data\genres_original\blues\blues.00048.wav,Sad
C:\Users\orial\OneDrive\Desktop\archive\Data\genres_original\blues\blues.00049.wav,Sad
C:\Users\orial\OneDrive\Desktop\archive\Data\genres_original\blues\blues.00050.wav,Sad
C:\Users\orial\OneDrive\Desktop\archive\Data\genres_original\blues\blues.00051.wav,Sad
C:\Users\orial\OneDrive\Desktop\archive\Data\genres_original\blues\blues.00052.wav,Sad
C:\Users\orial\OneDrive\Desktop\archive\Data\genres_original\blues\blues.00053.wav,Sad
C:\Users\orial\OneDrive\Desktop\archive\Data\genres_original\blues\blues.00054.wav,Sad
C:\Users\orial\OneDrive\Desktop\archive\Data\genres_original\blues\blues.00055.wav,Sad
C:\Users\orial\OneDrive\Desktop\archive\Data\genres_original\blues\blues.00056.wav,Sad
C:\Users\orial\OneDrive\Desktop\archive\Data\genres_original\blues\blues.00057.wav,Sad
C:\Users\orial\OneDrive\Desktop\archive\Data\genres_original\blues\blues.00058.wav,Sad
C:\Users\orial\OneDrive\Desktop\archive\Data\genres_original\blues\blues.00059.wav,Sad
C:\Users\orial\OneDrive\Desktop\archive\Data\genres_original\blues\blues.00060.wav,Sad
C:\Users\orial\OneDrive\Desktop\archive\Data\genres_original\blues\blues.00061.wav,Sad
C:\Users\orial\OneDrive\Desktop\archive\Data\genres_original\blues\blues.00062.wav,Sad
C:\Users\orial\OneDrive\Desktop\archive\Data\genres_original\blues\blues.00063.wav,Sad
C:\Users\orial\OneDrive\Desktop\archive\Data\genres_original\blues\blues.00064.wav,Sad
C:\Users\orial\OneDrive\Desktop\archive\Data\genres_original\blues\blues.00065.wav,Sad
C:\Users\orial\OneDrive\Desktop\archive\Data\genres_original\blues\blues.00066.wav,Sad
C:\Users\orial\OneDrive\Desktop\archive\Data\genres_original\blues\blues.00067.wav,Sad
C:\Users\orial\OneDrive\Desktop\archive\Data\genres_original\blues\blues.00068.wav,Sad
C:\Users\orial\OneDrive\Desktop\archive\Data\genres_original\blues\blues.00069.wav,Sad
C:\Users\orial\OneDrive\Desktop\archive\Data\genres_original\blues\blues.00070.wav,Sad
C:\Users\orial\OneDrive\Desktop\archive\Data\genres_original\blues\blues.00071.wav,Sad
C:\Users\orial\OneDrive\Desktop\archive\Data\genres_original\blues\blues.00072.wav,Sad
C:\Users\orial\OneDrive\Desktop\archive\Data\genres_original\blues\blues.00073.wav,Sad
C:\Users\orial\OneDrive\Desktop\archive\Data\genres_original\blues\blues.00074.wav,Sad
C:\Users\orial\OneDrive\Desktop\archive\Data\genres_original\blues\blues.00075.wav,Sad
C:\Users\orial\OneDrive\Desktop\archive\Data\genres_original\blues\blues.00076.wav,Sad
C:\Users\orial\OneDrive\Desktop\archive\Data\genres_original\blues\blues.00077.wav,Sad
C:\Users\orial\OneDrive\Desktop\archive\Data\genres_original\blues\blues.00078.wav,Sad
C:\Users\orial\OneDrive\Desktop\archive\Data\genres_original\blues\blues.00079.wav,Sad
C:\Users\orial\OneDrive\Desktop\archive\Data\genres_original\blues\blues.00080.wav,Sad
C:\Users\orial\OneDrive\Desktop\archive\Data\genres_original\blues\blues.00081.wav,Sad
C:\Users\orial\OneDrive\Desktop\archive\Data\genres_original\blues\blues.00082.wav,Sad
C:\Users\orial\OneDrive\Desktop\archive\Data\genres_original\blues\blues.00083.wav,Sad
C:\Users\orial\OneDrive\Desktop\archive\Data\genres_original\blues\blues.00084.wav,Sad
C:\Users\orial\OneDrive\Desktop\archive\Data\genres_original\blues\blues.00085.wav,Sad
C:\Users\orial\OneDrive\Desktop\archive\Data\genres_original\blues\blues.00086.wav,Sad
C:\Users\orial\OneDrive\Desktop\archive\Data\genres_original\blues\blues.00087.wav,Sad
C:\Users\orial\OneDrive\Desktop\archive\Data\genres_original\blues\blues.00088.wav,Sad
C:\Users\orial\OneDrive\Desktop\archive\Data\genres_original\blues\blues.00089.wav,Sad
C:\Users\orial\OneDrive\Desktop\archive\Data\genres_original\blues\blues.00090.wav,Sad
C:\Users\orial\OneDrive\Desktop\archive\Data\genres_original\blues\blues.00091.wav,Sad
C:\Users\orial\OneDrive\Desktop\archive\Data\genres_original\blues\blues.00092.wav,Sad
C:\Users\orial\OneDrive\Desktop\archive\Data\genres_original\blues\blues.00093.wav,Sad
C:\Users\orial\OneDrive\Desktop\archive\Data\genres_original\blues\blues.00094.wav,Sad
C:\Users\orial\OneDrive\Desktop\archive\Data\genres_original\blues\blues.00095.wav,Sad
C:\Users\orial\OneDrive\Desktop\archive\Data\genres_original\blues\blues.00096.wav,Sad
C:\Users\orial\OneDrive\Desktop\archive\Data\genres_original\blues\blues.00097.wav,Sad
C:\Users\orial\OneDrive\Desktop\archive\Data\genres_original\blues\blues.00098.wav,Sad
C:\Users\orial\OneDrive\Desktop\archive\Data\genres_original\blues\blues.00099.wav,Sad
C:\Users\orial\OneDrive\Desktop\archive\Data\genres_original\classical\classical.00000.wav,Calm
C:\Users\orial\OneDrive\Desktop\archive\Data\genres_original\classical\classical.00001.wav,Calm
C:\Users\orial\OneDrive\Desktop\archive\Data\genres_original\classical\classical.00002.wav,Calm
C:\Users\orial\OneDrive\Desktop\archive\Data\genres_original\classical\classical.00003.wav,Calm
C:\Users\orial\OneDrive\Desktop\archive\Data\genres_original\classical\classical.00004.wav,Calm
C:\Users\orial\OneDrive\Desktop\archive\Data\genres_original\classical\classical.00005.wav,Calm
C:\Users\orial\OneDrive\Desktop\archive\Data\genres_original\classical\classical.00006.wav,Calm
C:\Users\orial\OneDrive\Desktop\archive\Data\genres_original\classical\classical.00007.wav,Calm
C:\Users\orial\OneDrive\Desktop\archive\Data\genres_original\classical\classical.00008.wav,Calm
C:\Users\orial\OneDrive\Desktop\archive\Data\genres_original\classical\classical.00009.wav,Calm
C:\Users\orial\OneDrive\Desktop\archive\Data\genres_original\classical\classical.00010.wav,Calm
C:\Users\orial\OneDrive\Desktop\archive\Data\genres_original\classical\classical.00011.wav,Calm
C:\Users\orial\OneDrive\Desktop\archive\Data\genres_original\classical\classical.00012.wav,Calm
C:\Users\orial\OneDrive\Desktop\archive\Data\genres_original\classical\classical.00013.wav,Calm
C:\Users\orial\OneDrive\Desktop\archive\Data\genres_original\classical\classical.00014.wav,Calm
C:\Users\orial\OneDrive\Desktop\archive\Data\genres_original\classical\classical.00015.wav,Calm
C:\Users\orial\OneDrive\Desktop\archive\Data\genres_original\classical\classical.00016.wav,Calm
C:\Users\orial\OneDrive\Desktop\archive\Data\genres_original\classical\classical.00017.wav,Calm
C:\Users\orial\OneDrive\Desktop\archive\Data\genres_original\classical\classical.00018.wav,Calm
C:\Users\orial\OneDrive\Desktop\archive\Data\genres_original\classical\classical.00019.wav,Calm
C:\Users\orial\OneDrive\Desktop\archive\Data\genres_original\classical\classical.00020.wav,Calm
C:\Users\orial\OneDrive\Desktop\archive\Data\genres_original\classical\classical.00021.wav,Calm
C:\Users\orial\OneDrive\Desktop\archive\Data\genres_original\classical\classical.00022.wav,Calm
C:\Users\orial\OneDrive\Desktop\archive\Data\genres_original\classical\classical.00023.wav,Calm
C:\Users\orial\OneDrive\Desktop\archive\Data\genres_original\classical\classical.00024.wav,Calm
C:\Users\orial\OneDrive\Desktop\archive\Data\genres_original\classical\classical.00025.wav,Calm
C:\Users\orial\OneDrive\Desktop\archive\Data\genres_original\classical\classical.00026.wav,Calm
C:\Users\orial\OneDrive\Desktop\archive\Data\genres_original\classical\classical.00027.wav,Calm
C:\Users\orial\OneDrive\Desktop\archive\Data\genres_original\classical\classical.00028.wav,Calm
C:\Users\orial\OneDrive\Desktop\archive\Data\genres_original\classical\classical.00029.wav,Calm
C:\Users\orial\OneDrive\Desktop\archive\Data\genres_original\classical\classical.00030.wav,Calm
C:\Users\orial\OneDrive\Desktop\archive\Data\genres_original\classical\classical.00031.wav,Calm
C:\Users\orial\OneDrive\Desktop\archive\Data\genres_original\classical\classical.00032.wav,Calm
C:\Users\orial\OneDrive\Desktop\archive\Data\genres_original\classical\classical.00033.wav,Calm
C:\Users\orial\OneDrive\Desktop\archive\Data\genres_original\classical\classical.00034.wav,Calm
C:\Users\orial\OneDrive\Desktop\archive\Data\genres_original\classical\classical.00035.wav,Calm
C:\Users\orial\OneDrive\Desktop\archive\Data\genres_original\classical\classical.00036.wav,Calm
C:\Users\orial\OneDrive\Desktop\archive\Data\genres_original\classical\classical.00037.wav,Calm
C:\Users\orial\OneDrive\Desktop\archive\Data\genres_original\classical\classical.00038.wav,Calm
C:\Users\orial\OneDrive\Desktop\archive\Data\genres_original\classical\classical.00039.wav,Calm
C:\Users\orial\OneDrive\Desktop\archive\Data\genres_original\classical\classical.00040.wav,Calm
C:\Users\orial\OneDrive\Desktop\archive\Data\genres_original\classical\classical.00041.wav,Calm
C:\Users\orial\OneDrive\Desktop\archive\Data\genres_original\classical\classical.00042.wav,Calm
C:\Users\orial\OneDrive\Desktop\archive\Data\genres_original\classical\classical.00043.wav,Calm
C:\Users\orial\OneDrive\Desktop\archive\Data\genres_original\classical\classical.00044.wav,Calm
C:\Users\orial\OneDrive\Desktop\archive\Data\genres_original\classical\classical.00045.wav,Calm
C:\Users\orial\OneDrive\Desktop\archive\Data\genres_original\classical\classical.00046.wav,Calm
C:\Users\orial\OneDrive\Desktop\archive\Data\genres_original\classical\classical.00047.wav,Calm
C:\Users\orial\OneDrive\Desktop\archive\Data\genres_original\classical\classical.00048.wav,Calm
C:\Users\orial\OneDrive\Desktop\archive\Data\genres_original\classical\classical.00049.wav,Calm
C:\Users\orial\OneDrive\Desktop\archive\Data\genres_original\classical\classical.00050.wav,Calm
C:\Users\orial\OneDrive\Desktop\archive\Data\genres_original\classical\classical.00051.wav,Calm
C:\Users\orial\OneDrive\Desktop\archive\Data\genres_original\classical\classical.00052.wav,Calm
C:\Users\orial\OneDrive\Desktop\archive\Data\genres_original\classical\classical.00053.wav,Calm
C:\Users\orial\OneDrive\Desktop\archive\Data\genres_original\classical\classical.00054.wav,Calm
C:\Users\orial\OneDrive\Desktop\archive\Data\genres_original\classical\classical.00055.wav,Calm
C:\Users\orial\OneDrive\Desktop\archive\Data\genres_original\classical\classical.00056.wav,Calm
C:\Users\orial\OneDrive\Desktop\archive\Data\genres_original\classical\classical.00057.wav,Calm
C:\Users\orial\OneDrive\Desktop\archive\Data\genres_original\classical\classical.00058.wav,Calm
C:\Users\orial\OneDrive\Desktop\archive\Data\genres_original\classical\classical.00059.wav,Calm
C:\Users\orial\OneDrive\Desktop\archive\Data\genres_original\classical\classical.00060.wav,Calm
C:\Users\orial\OneDrive\Desktop\archive\Data\genres_original\classical\classical.00061.wav,Calm
C:\Users\orial\OneDrive\Desktop\archive\Data\genres_original\classical\classical.00062.wav,Calm
C:\Users\orial\OneDrive\Desktop\archive\Data\genres_original\classical\classical.00063.wav,Calm
C:\Users\orial\OneDrive\Desktop\archive\Data\genres_original\classical\classical.00064.wav,Calm
C:\Users\orial\OneDrive\Desktop\archive\Data\genres_original\classical\classical.00065.wav,Calm
C:\Users\orial\OneDrive\Desktop\archive\Data\genres_original\classical\classical.00066.wav,Calm
C:\Users\orial\OneDrive\Desktop\archive\Data\genres_original\classical\classical.00067.wav,Calm
C:\Users\orial\OneDrive\Desktop\archive\Data\genres_original\classical\classical.00068.wav,Calm
C:\Users\orial\OneDrive\Desktop\archive\Data\genres_original\classical\classical.00069.wav,Calm
C:\Users\orial\OneDrive\Desktop\archive\Data\genres_original\classical\classical.00070.wav,Calm
C:\Users\orial\OneDrive\Desktop\archive\Data\genres_original\classical\classical.00071.wav,Calm
C:\Users\orial\OneDrive\Desktop\archive\Data\genres_original\classical\classical.00072.wav,Calm
C:\Users\orial\OneDrive\Desktop\archive\Data\genres_original\classical\classical.00073.wav,Calm
C:\Users\orial\OneDrive\Desktop\archive\Data\genres_original\classical\classical.00074.wav,Calm
C:\Users\orial\OneDrive\Desktop\archive\Data\genres_original\classical\classical.00075.wav,Calm
C:\Users\orial\OneDrive\Desktop\archive\Data\genres_original\classical\classical.00076.wav,Calm
C:\Users\orial\OneDrive\Desktop\archive\Data\genres_original\classical\classical.00077.wav,Calm
C:\Users\orial\OneDrive\Desktop\archive\Data\genres_original\classical\classical.00078.wav,Calm
C:\Users\orial\OneDrive\Desktop\archive\Data\genres_original\classical\classical.00079.wav,Calm
C:\Users\orial\OneDrive\Desktop\archive\Data\genres_original\classical\classical.00080.wav,Calm
C:\Users\orial\OneDrive\Desktop\archive\Data\genres_original\classical\classical.00081.wav,Calm
C:\Users\orial\OneDrive\Desktop\archive\Data\genres_original\classical\classical.00082.wav,Calm
C:\Users\orial\OneDrive\Desktop\archive\Data\genres_original\classical\classical.00083.wav,Calm
C:\Users\orial\OneDrive\Desktop\archive\Data\genres_original\classical\classical.00084.wav,Calm
C:\Users\orial\OneDrive\Desktop\archive\Data\genres_original\classical\classical.00085.wav,Calm
C:\Users\orial\OneDrive\Desktop\archive\Data\genres_original\classical\classical.00086.wav,Calm
C:\Users\orial\OneDrive\Desktop\archive\Data\genres_original\classical\classical.00087.wav,Calm
C:\Users\orial\OneDrive\Desktop\archive\Data\genres_original\classical\classical.00088.wav,Calm
C:\Users\orial\OneDrive\Desktop\archive\Data\genres_original\classical\classical.00089.wav,Calm
C:\Users\orial\OneDrive\Desktop\archive\Data\genres_original\classical\classical.00090.wav,Calm
C:\Users\orial\OneDrive\Desktop\archive\Data\genres_original\classical\classical.00091.wav,Calm
C:\Users\orial\OneDrive\Desktop\archive\Data\genres_original\classical\classical.00092.wav,Calm
C:\Users\orial\OneDrive\Desktop\archive\Data\genres_original\classical\classical.00093.wav,Calm
C:\Users\orial\OneDrive\Desktop\archive\Data\genres_original\classical\classical.00094.wav,Calm
C:\Users\orial\OneDrive\Desktop\archive\Data\genres_original\classical\classical.00095.wav,Calm
C:\Users\orial\OneDrive\Desktop\archive\Data\genres_original\classical\classical.00096.wav,Calm
C:\Users\orial\OneDrive\Desktop\archive\Data\genres_original\classical\classical.00097.wav,Calm
C:\Users\orial\OneDrive\Desktop\archive\Data\genres_original\classical\classical.00098.wav,Calm
C:\Users\orial\OneDrive\Desktop\archive\Data\genres_original\classical\classical.00099.wav,Calm
C:\Users\orial\OneDrive\Desktop\archive\Data\genres_original\country\country.00000.wav,Sad
C:\Users\orial\OneDrive\Desktop\archive\Data\genres_original\country\country.00001.wav,Sad
C:\Users\orial\OneDrive\Desktop\archive\Data\genres_original\country\country.00002.wav,Sad
C:\Users\orial\OneDrive\Desktop\archive\Data\genres_original\country\country.00003.wav,Sad
C:\Users\orial\OneDrive\Desktop\archive\Data\genres_original\country\country.00004.wav,Sad
C:\Users\orial\OneDrive\Desktop\archive\Data\genres_original\country\country.00005.wav,Sad
C:\Users\orial\OneDrive\Desktop\archive\Data\genres_original\country\country.00006.wav,Sad
C:\Users\orial\OneDrive\Desktop\archive\Data\genres_original\country\country.00007.wav,Sad
C:\Users\orial\OneDrive\Desktop\archive\Data\genres_original\country\country.00008.wav,Sad
C:\Users\orial\OneDrive\Desktop\archive\Data\genres_original\country\country.00009.wav,Sad
C:\Users\orial\OneDrive\Desktop\archive\Data\genres_original\country\country.00010.wav,Sad
C:\Users\orial\OneDrive\Desktop\archive\Data\genres_original\country\country.00011.wav,Sad
C:\Users\orial\OneDrive\Desktop\archive\Data\genres_original\country\country.00012.wav,Sad
C:\Users\orial\OneDrive\Desktop\archive\Data\genres_original\country\country.00013.wav,Sad
C:\Users\orial\OneDrive\Desktop\archive\Data\genres_original\country\country.00014.wav,Sad
C:\Users\orial\OneDrive\Desktop\archive\Data\genres_original\country\country.00015.wav,Sad
C:\Users\orial\OneDrive\Desktop\archive\Data\genres_original\country\country.00016.wav,Sad
C:\Users\orial\OneDrive\Desktop\archive\Data\genres_original\country\country.00017.wav,Sad
C:\Users\orial\OneDrive\Desktop\archive\Data\genres_original\country\country.00018.wav,Sad
C:\Users\orial\OneDrive\Desktop\archive\Data\genres_original\country\country.00019.wav,Sad
C:\Users\orial\OneDrive\Desktop\archive\Data\genres_original\country\country.00020.wav,Sad
C:\Users\orial\OneDrive\Desktop\archive\Data\genres_original\country\country.00021.wav,Sad
C:\Users\orial\OneDrive\Desktop\archive\Data\genres_original\country\country.00022.wav,Sad
C:\Users\orial\OneDrive\Desktop\archive\Data\genres_original\country\country.00023.wav,Sad
C:\Users\orial\OneDrive\Desktop\archive\Data\genres_original\country\country.00024.wav,Sad
C:\Users\orial\OneDrive\Desktop\archive\Data\genres_original\country\country.00025.wav,Sad
C:\Users\orial\OneDrive\Desktop\archive\Data\genres_original\country\country.00026.wav,Sad
C:\Users\orial\OneDrive\Desktop\archive\Data\genres_original\country\country.00027.wav,Sad
C:\Users\orial\OneDrive\Desktop\archive\Data\genres_original\country\country.00028.wav,Sad
C:\Users\orial\OneDrive\Desktop\archive\Data\genres_original\country\country.00029.wav,Sad
C:\Users\orial\OneDrive\Desktop\archive\Data\genres_original\country\country.00030.wav,Sad
C:\Users\orial\OneDrive\Desktop\archive\Data\genres_original\country\country.00031.wav,Sad
C:\Users\orial\OneDrive\Desktop\archive\Data\genres_original\country\country.00032.wav,Sad
C:\Users\orial\OneDrive\Desktop\archive\Data\genres_original\country\country.00033.wav,Sad
C:\Users\orial\OneDrive\Desktop\archive\Data\genres_original\country\country.00034.wav,Sad
C:\Users\orial\OneDrive\Desktop\archive\Data\genres_original\country\country.00035.wav,Sad
C:\Users\orial\OneDrive\Desktop\archive\Data\genres_original\country\country.00036.wav,Sad
C:\Users\orial\OneDrive\Desktop\archive\Data\genres_original\country\country.00037.wav,Sad
C:\Users\orial\OneDrive\Desktop\archive\Data\genres_original\country\country.00038.wav,Sad
C:\Users\orial\OneDrive\Desktop\archive\Data\genres_original\country\country.00039.wav,Sad
C:\Users\orial\OneDrive\Desktop\archive\Data\genres_original\country\country.00040.wav,Sad
C:\Users\orial\OneDrive\Desktop\archive\Data\genres_original\country\country.00041.wav,Sad
C:\Users\orial\OneDrive\Desktop\archive\Data\genres_original\country\country.00042.wav,Sad
C:\Users\orial\OneDrive\Desktop\archive\Data\genres_original\country\country.00043.wav,Sad
C:\Users\orial\OneDrive\Desktop\archive\Data\genres_original\country\country.00044.wav,Sad
C:\Users\orial\OneDrive\Desktop\archive\Data\genres_original\country\country.00045.wav,Sad
C:\Users\orial\OneDrive\Desktop\archive\Data\genres_original\country\country.00046.wav,Sad
C:\Users\orial\OneDrive\Desktop\archive\Data\genres_original\country\country.00047.wav,Sad
C:\Users\orial\OneDrive\Desktop\archive\Data\genres_original\country\country.00048.wav,Sad
C:\Users\orial\OneDrive\Desktop\archive\Data\genres_original\country\country.00049.wav,Sad
C:\Users\orial\OneDrive\Desktop\archive\Data\genres_original\country\country.00050.wav,Sad
C:\Users\orial\OneDrive\Desktop\archive\Data\genres_original\country\country.00051.wav,Sad
C:\Users\orial\OneDrive\Desktop\archive\Data\genres_original\country\country.00052.wav,Sad
C:\Users\orial\OneDrive\Desktop\archive\Data\genres_original\country\country.00053.wav,Sad
C:\Users\orial\OneDrive\Desktop\archive\Data\genres_original\country\country.00054.wav,Sad
C:\Users\orial\OneDrive\Desktop\archive\Data\genres_original\country\country.00055.wav,Sad
C:\Users\orial\OneDrive\Desktop\archive\Data\genres_original\country\country.00056.wav,Sad
C:\Users\orial\OneDrive\Desktop\archive\Data\genres_original\country\country.00057.wav,Sad
C:\Users\orial\OneDrive\Desktop\archive\Data\genres_original\country\country.00058.wav,Sad
C:\Users\orial\OneDrive\Desktop\archive\Data\genres_original\country\country.00059.wav,Sad
C:\Users\orial\OneDrive\Desktop\archive\Data\genres_original\country\country.00060.wav,Sad
C:\Users\orial\OneDrive\Desktop\archive\Data\genres_original\country\country.00061.wav,Sad
C:\Users\orial\OneDrive\Desktop\archive\Data\genres_original\country\country.00062.wav,Sad
C:\Users\orial\OneDrive\Desktop\archive\Data\genres_original\country\country.00063.wav,Sad
C:\Users\orial\OneDrive\Desktop\archive\Data\genres_original\country\country.00064.wav,Sad
C:\Users\orial\OneDrive\Desktop\archive\Data\genres_original\country\country.00065.wav,Sad
C:\Users\orial\OneDrive\Desktop\archive\Data\genres_original\country\country.00066.wav,Sad
C:\Users\orial\OneDrive\Desktop\archive\Data\genres_original\country\country.00067.wav,Sad
C:\Users\orial\OneDrive\Desktop\archive\Data\genres_original\country\country.00068.wav,Sad
C:\Users\orial\OneDrive\Desktop\archive\Data\genres_original\country\country.00069.wav,Sad
C:\Users\orial\OneDrive\Desktop\archive\Data\genres_original\country\country.00070.wav,Sad
C:\Users\orial\OneDrive\Desktop\archive\Data\genres_original\country\country.00071.wav,Sad
C:\Users\orial\OneDrive\Desktop\archive\Data\genres_original\country\country.00072.wav,Sad
C:\Users\orial\OneDrive\Desktop\archive\Data\genres_original\country\country.00073.wav,Sad
C:\Users\orial\OneDrive\Desktop\archive\Data\genres_original\country\country.00074.wav,Sad
C:\Users\orial\OneDrive\Desktop\archive\Data\genres_original\country\country.00075.wav,Sad
C:\Users\orial\OneDrive\Desktop\archive\Data\genres_original\country\country.00076.wav,Sad
C:\Users\orial\OneDrive\Desktop\archive\Data\genres_original\country\country.00077.wav,Sad
C:\Users\orial\OneDrive\Desktop\archive\Data\genres_original\country\country.00078.wav,Sad
C:\Users\orial\OneDrive\Desktop\archive\Data\genres_original\country\country.00079.wav,Sad
C:\Users\orial\OneDrive\Desktop\archive\Data\genres_original\country\country.00080.wav,Sad
C:\Users\orial\OneDrive\Desktop\archive\Data\genres_original\country\country.00081.wav,Sad
C:\Users\orial\OneDrive\Desktop\archive\Data\genres_original\country\country.00082.wav,Sad
C:\Users\orial\OneDrive\Desktop\archive\Data\genres_original\country\country.00083.wav,Sad
C:\Users\orial\OneDrive\Desktop\archive\Data\genres_original\country\country.00084.wav,Sad
C:\Users\orial\OneDrive\Desktop\archive\Data\genres_original\country\country.00085.wav,Sad
C:\Users\orial\OneDrive\Desktop\archive\Data\genres_original\country\country.00086.wav,Sad
C:\Users\orial\OneDrive\Desktop\archive\Data\genres_original\country\country.00087.wav,Sad
C:\Users\orial\OneDrive\Desktop\archive\Data\genres_original\country\country.00088.wav,Sad
C:\Users\orial\OneDrive\Desktop\archive\Data\genres_original\country\country.00089.wav,Sad
C:\Users\orial\OneDrive\Desktop\archive\Data\genres_original\country\country.00090.wav,Sad
C:\Users\orial\OneDrive\Desktop\archive\Data\genres_original\country\country.00091.wav,Sad
C:\Users\orial\OneDrive\Desktop\archive\Data\genres_original\country\country.00092.wav,Sad
C:\Users\orial\OneDrive\Desktop\archive\Data\genres_original\country\country.00093.wav,Sad
C:\Users\orial\OneDrive\Desktop\archive\Data\genres_original\country\country.00094.wav,Sad
C:\Users\orial\OneDrive\Desktop\archive\Data\genres_original\country\country.00095.wav,Sad
C:\Users\orial\OneDrive\Desktop\archive\Data\genres_original\country\country.00096.wav,Sad
C:\Users\orial\OneDrive\Desktop\archive\Data\genres_original\country\country.00097.wav,Sad
C:\Users\orial\OneDrive\Desktop\archive\Data\genres_original\country\country.00098.wav,Sad
C:\Users\orial\OneDrive\Desktop\archive\Data\genres_original\country\country.00099.wav,Sad
C:\Users\orial\OneDrive\Desktop\archive\Data\genres_original\disco\disco.00000.wav,Energetic
C:\Users\orial\OneDrive\Desktop\archive\Data\genres_original\disco\disco.00001.wav,Energetic
C:\Users\orial\OneDrive\Desktop\archive\Data\genres_original\disco\disco.00002.wav,Energetic
C:\Users\orial\OneDrive\Desktop\archive\Data\genres_original\disco\disco.00003.wav,Energetic
C:\Users\orial\OneDrive\Desktop\archive\Data\genres_original\disco\disco.00004.wav,Energetic
C:\Users\orial\OneDrive\Desktop\archive\Data\genres_original\disco\disco.00005.wav,Energetic
C:\Users\orial\OneDrive\Desktop\archive\Data\genres_original\disco\disco.00006.wav,Energetic
C:\Users\orial\OneDrive\Desktop\archive\Data\genres_original\disco\disco.00007.wav,Energetic
C:\Users\orial\OneDrive\Desktop\archive\Data\genres_original\disco\disco.00008.wav,Energetic
C:\Users\orial\OneDrive\Desktop\archive\Data\genres_original\disco\disco.00009.wav,Energetic
C:\Users\orial\OneDrive\Desktop\archive\Data\genres_original\disco\disco.00010.wav,Energetic
C:\Users\orial\OneDrive\Desktop\archive\Data\genres_original\disco\disco.00011.wav,Energetic
C:\Users\orial\OneDrive\Desktop\archive\Data\genres_original\disco\disco.00012.wav,Energetic
C:\Users\orial\OneDrive\Desktop\archive\Data\genres_original\disco\disco.00013.wav,Energetic
C:\Users\orial\OneDrive\Desktop\archive\Data\genres_original\disco\disco.00014.wav,Energetic
C:\Users\orial\OneDrive\Desktop\archive\Data\genres_original\disco\disco.00015.wav,Energetic
C:\Users\orial\OneDrive\Desktop\archive\Data\genres_original\disco\disco.00016.wav,Energetic
C:\Users\orial\OneDrive\Desktop\archive\Data\genres_original\disco\disco.00017.wav,Energetic
C:\Users\orial\OneDrive\Desktop\archive\Data\genres_original\disco\disco.00018.wav,Energetic
C:\Users\orial\OneDrive\Desktop\archive\Data\genres_original\disco\disco.00019.wav,Energetic
C:\Users\orial\OneDrive\Desktop\archive\Data\genres_original\disco\disco.00020.wav,Energetic
C:\Users\orial\OneDrive\Desktop\archive\Data\genres_original\disco\disco.00021.wav,Energetic
C:\Users\orial\OneDrive\Desktop\archive\Data\genres_original\disco\disco.00022.wav,Energetic
C:\Users\orial\OneDrive\Desktop\archive\Data\genres_original\disco\disco.00023.wav,Energetic
C:\Users\orial\OneDrive\Desktop\archive\Data\genres_original\disco\disco.00024.wav,Energetic
C:\Users\orial\OneDrive\Desktop\archive\Data\genres_original\disco\disco.00025.wav,Energetic
C:\Users\orial\OneDrive\Desktop\archive\Data\genres_original\disco\disco.00026.wav,Energetic
C:\Users\orial\OneDrive\Desktop\archive\Data\genres_original\disco\disco.00027.wav,Energetic
C:\Users\orial\OneDrive\Desktop\archive\Data\genres_original\disco\disco.00028.wav,Energetic
C:\Users\orial\OneDrive\Desktop\archive\Data\genres_original\disco\disco.00029.wav,Energetic
C:\Users\orial\OneDrive\Desktop\archive\Data\genres_original\disco\disco.00030.wav,Energetic
C:\Users\orial\OneDrive\Desktop\archive\Data\genres_original\disco\disco.00031.wav,Energetic
C:\Users\orial\OneDrive\Desktop\archive\Data\genres_original\disco\disco.00032.wav,Energetic
C:\Users\orial\OneDrive\Desktop\archive\Data\genres_original\disco\disco.00033.wav,Energetic
C:\Users\orial\OneDrive\Desktop\archive\Data\genres_original\disco\disco.00034.wav,Energetic
C:\Users\orial\OneDrive\Desktop\archive\Data\genres_original\disco\disco.00035.wav,Energetic
C:\Users\orial\OneDrive\Desktop\archive\Data\genres_original\disco\disco.00036.wav,Energetic
C:\Users\orial\OneDrive\Desktop\archive\Data\genres_original\disco\disco.00037.wav,Energetic
C:\Users\orial\OneDrive\Desktop\archive\Data\genres_original\disco\disco.00038.wav,Energetic
C:\Users\orial\OneDrive\Desktop\archive\Data\genres_original\disco\disco.00039.wav,Energetic
C:\Users\orial\OneDrive\Desktop\archive\Data\genres_original\disco\disco.00040.wav,Energetic
C:\Users\orial\OneDrive\Desktop\archive\Data\genres_original\disco\disco.00041.wav,Energetic
C:\Users\orial\OneDrive\Desktop\archive\Data\genres_original\disco\disco.00042.wav,Energetic
C:\Users\orial\OneDrive\Desktop\archive\Data\genres_original\disco\disco.00043.wav,Energetic
C:\Users\orial\OneDrive\Desktop\archive\Data\genres_original\disco\disco.00044.wav,Energetic
C:\Users\orial\OneDrive\Desktop\archive\Data\genres_original\disco\disco.00045.wav,Energetic
C:\Users\orial\OneDrive\Desktop\archive\Data\genres_original\disco\disco.00046.wav,Energetic
C:\Users\orial\OneDrive\Desktop\archive\Data\genres_original\disco\disco.00047.wav,Energetic
C:\Users\orial\OneDrive\Desktop\archive\Data\genres_original\disco\disco.00048.wav,Energetic
C:\Users\orial\OneDrive\Desktop\archive\Data\genres_original\disco\disco.00049.wav,Energetic
C:\Users\orial\OneDrive\Desktop\archive\Data\genres_original\disco\disco.00050.wav,Energetic
C:\Users\orial\OneDrive\Desktop\archive\Data\genres_original\disco\disco.00051.wav,Energetic
C:\Users\orial\OneDrive\Desktop\archive\Data\genres_original\disco\disco.00052.wav,Energetic
C:\Users\orial\OneDrive\Desktop\archive\Data\genres_original\disco\disco.00053.wav,Energetic
C:\Users\orial\OneDrive\Desktop\archive\Data\genres_original\disco\disco.00054.wav,Energetic
C:\Users\orial\OneDrive\Desktop\archive\Data\genres_original\disco\disco.00055.wav,Energetic
C:\Users\orial\OneDrive\Desktop\archive\Data\genres_original\disco\disco.00056.wav,Energetic
C:\Users\orial\OneDrive\Desktop\archive\Data\genres_original\disco\disco.00057.wav,Energetic
C:\Users\orial\OneDrive\Desktop\archive\Data\genres_original\disco\disco.00058.wav,Energetic
C:\Users\orial\OneDrive\Desktop\archive\Data\genres_original\disco\disco.00059.wav,Energetic
C:\Users\orial\OneDrive\Desktop\archive\Data\genres_original\disco\disco.00060.wav,Energetic
C:\Users\orial\OneDrive\Desktop\archive\Data\genres_original\disco\disco.00061.wav,Energetic
C:\Users\orial\OneDrive\Desktop\archive\Data\genres_original\disco\disco.00062.wav,Energetic
C:\Users\orial\OneDrive\Desktop\archive\Data\genres_original\disco\disco.00063.wav,Energetic
C:\Users\orial\OneDrive\Desktop\archive\Data\genres_original\disco\disco.00064.wav,Energetic
C:\Users\orial\OneDrive\Desktop\archive\Data\genres_original\disco\disco.00065.wav,Energetic
C:\Users\orial\OneDrive\Desktop\archive\Data\genres_original\disco\disco.00066.wav,Energetic
C:\Users\orial\OneDrive\Desktop\archive\Data\genres_original\disco\disco.00067.wav,Energetic
C:\Users\orial\OneDrive\Desktop\archive\Data\genres_original\disco\disco.00068.wav,Energetic
C:\Users\orial\OneDrive\Desktop\archive\Data\genres_original\disco\disco.00069.wav,Energetic
C:\Users\orial\OneDrive\Desktop\archive\Data\genres_original\disco\disco.00070.wav,Energetic
C:\Users\orial\OneDrive\Desktop\archive\Data\genres_original\disco\disco.00071.wav,Energetic
C:\Users\orial\OneDrive\Desktop\archive\Data\genres_original\disco\disco.00072.wav,Energetic
C:\Users\orial\OneDrive\Desktop\archive\Data\genres_original\disco\disco.00073.wav,Energetic
C:\Users\orial\OneDrive\Desktop\archive\Data\genres_original\disco\disco.00074.wav,Energetic
C:\Users\orial\OneDrive\Desktop\archive\Data\genres_original\disco\disco.00075.wav,Energetic
C:\Users\orial\OneDrive\Desktop\archive\Data\genres_original\disco\disco.00076.wav,Energetic
C:\Users\orial\OneDrive\Desktop\archive\Data\genres_original\disco\disco.00077.wav,Energetic
C:\Users\orial\OneDrive\Desktop\archive\Data\genres_original\disco\disco.00078.wav,Energetic
C:\Users\orial\OneDrive\Desktop\archive\Data\genres_original\disco\disco.00079.wav,Energetic
C:\Users\orial\OneDrive\Desktop\archive\Data\genres_original\disco\disco.00080.wav,Energetic
C:\Users\orial\OneDrive\Desktop\archive\Data\genres_original\disco\disco.00081.wav,Energetic
C:\Users\orial\OneDrive\Desktop\archive\Data\genres_original\disco\disco.00082.wav,Energetic
C:\Users\orial\OneDrive\Desktop\archive\Data\genres_original\disco\disco.00083.wav,Energetic
C:\Users\orial\OneDrive\Desktop\archive\Data\genres_original\disco\disco.00084.wav,Energetic
C:\Users\orial\OneDrive\Desktop\archive\Data\genres_original\disco\disco.00085.wav,Energetic
C:\Users\orial\OneDrive\Desktop\archive\Data\genres_original\disco\disco.00086.wav,Energetic
C:\Users\orial\OneDrive\Desktop\archive\Data\genres_original\disco\disco.00087.wav,Energetic
C:\Users\orial\OneDrive\Desktop\archive\Data\genres_original\disco\disco.00088.wav,Energetic
C:\Users\orial\OneDrive\Desktop\archive\Data\genres_original\disco\disco.00089.wav,Energetic
C:\Users\orial\OneDrive\Desktop\archive\Data\genres_original\disco\disco.00090.wav,Energetic
C:\Users\orial\OneDrive\Desktop\archive\Data\genres_original\disco\disco.00091.wav,Energetic
C:\Users\orial\OneDrive\Desktop\archive\Data\genres_original\disco\disco.00092.wav,Energetic
C:\Users\orial\OneDrive\Desktop\archive\Data\genres_original\disco\disco.00093.wav,Energetic
C:\Users\orial\OneDrive\Desktop\archive\Data\genres_original\disco\disco.00094.wav,Energetic
C:\Users\orial\OneDrive\Desktop\archive\Data\genres_original\disco\disco.00095.wav,Energetic
C:\Users\orial\OneDrive\Desktop\archive\Data\genres_original\disco\disco.00096.wav,Energetic
C:\Users\orial\OneDrive\Desktop\archive\Data\genres_original\disco\disco.00097.wav,Energetic
C:\Users\orial\OneDrive\Desktop\archive\Data\genres_original\disco\disco.00098.wav,Energetic
C:\Users\orial\OneDrive\Desktop\archive\Data\genres_original\disco\disco.00099.wav,Energetic
C:\Users\orial\OneDrive\Desktop\archive\Data\genres_original\hiphop\hiphop.00000.wav,Angry
C:\Users\orial\OneDrive\Desktop\archive\Data\genres_original\hiphop\hiphop.00001.wav,Angry
C:\Users\orial\OneDrive\Desktop\archive\Data\genres_original\hiphop\hiphop.00002.wav,Angry
C:\Users\orial\OneDrive\Desktop\archive\Data\genres_original\hiphop\hiphop.00003.wav,Angry
C:\Users\orial\OneDrive\Desktop\archive\Data\genres_original\hiphop\hiphop.00004.wav,Angry
C:\Users\orial\OneDrive\Desktop\archive\Data\genres_original\hiphop\hiphop.00005.wav,Angry
C:\Users\orial\OneDrive\Desktop\archive\Data\genres_original\hiphop\hiphop.00006.wav,Angry
C:\Users\orial\OneDrive\Desktop\archive\Data\genres_original\hiphop\hiphop.00007.wav,Angry
C:\Users\orial\OneDrive\Desktop\archive\Data\genres_original\hiphop\hiphop.00008.wav,Angry
C:\Users\orial\OneDrive\Desktop\archive\Data\genres_original\hiphop\hiphop.00009.wav,Angry
C:\Users\orial\OneDrive\Desktop\archive\Data\genres_original\hiphop\hiphop.00010.wav,Angry
C:\Users\orial\OneDrive\Desktop\archive\Data\genres_original\hiphop\hiphop.00011.wav,Angry
C:\Users\orial\OneDrive\Desktop\archive\Data\genres_original\hiphop\hiphop.00012.wav,Angry
C:\Users\orial\OneDrive\Desktop\archive\Data\genres_original\hiphop\hiphop.00013.wav,Angry
C:\Users\orial\OneDrive\Desktop\archive\Data\genres_original\hiphop\hiphop.00014.wav,Angry
C:\Users\orial\OneDrive\Desktop\archive\Data\genres_original\hiphop\hiphop.00015.wav,Angry
C:\Users\orial\OneDrive\Desktop\archive\Data\genres_original\hiphop\hiphop.00016.wav,Angry
C:\Users\orial\OneDrive\Desktop\archive\Data\genres_original\hiphop\hiphop.00017.wav,Angry
C:\Users\orial\OneDrive\Desktop\archive\Data\genres_original\hiphop\hiphop.00018.wav,Angry
C:\Users\orial\OneDrive\Desktop\archive\Data\genres_original\hiphop\hiphop.00019.wav,Angry
C:\Users\orial\OneDrive\Desktop\archive\Data\genres_original\hiphop\hiphop.00020.wav,Angry
C:\Users\orial\OneDrive\Desktop\archive\Data\genres_original\hiphop\hiphop.00021.wav,Angry
C:\Users\orial\OneDrive\Desktop\archive\Data\genres_original\hiphop\hiphop.00022.wav,Angry
C:\Users\orial\OneDrive\Desktop\archive\Data\genres_original\hiphop\hiphop.00023.wav,Angry
C:\Users\orial\OneDrive\Desktop\archive\Data\genres_original\hiphop\hiphop.00024.wav,Angry
C:\Users\orial\OneDrive\Desktop\archive\Data\genres_original\hiphop\hiphop.00025.wav,Angry
C:\Users\orial\OneDrive\Desktop\archive\Data\genres_original\hiphop\hiphop.00026.wav,Angry
C:\Users\orial\OneDrive\Desktop\archive\Data\genres_original\hiphop\hiphop.00027.wav,Angry
C:\Users\orial\OneDrive\Desktop\archive\Data\genres_original\hiphop\hiphop.00028.wav,Angry
C:\Users\orial\OneDrive\Desktop\archive\Data\genres_original\hiphop\hiphop.00029.wav,Angry
C:\Users\orial\OneDrive\Desktop\archive\Data\genres_original\hiphop\hiphop.00030.wav,Angry
C:\Users\orial\OneDrive\Desktop\archive\Data\genres_original\hiphop\hiphop.00031.wav,Angry
C:\Users\orial\OneDrive\Desktop\archive\Data\genres_original\hiphop\hiphop.00032.wav,Angry
C:\Users\orial\OneDrive\Desktop\archive\Data\genres_original\hiphop\hiphop.00033.wav,Angry
C:\Users\orial\OneDrive\Desktop\archive\Data\genres_original\hiphop\hiphop.00034.wav,Angry
C:\Users\orial\OneDrive\Desktop\archive\Data\genres_original\hiphop\hiphop.00035.wav,Angry
C:\Users\orial\OneDrive\Desktop\archive\Data\genres_original\hiphop\hiphop.00036.wav,Angry
C:\Users\orial\OneDrive\Desktop\archive\Data\genres_original\hiphop\hiphop.00037.wav,Angry
C:\Users\orial\OneDrive\Desktop\archive\Data\genres_original\hiphop\hiphop.00038.wav,Angry
C:\Users\orial\OneDrive\Desktop\archive\Data\genres_original\hiphop\hiphop.00039.wav,Angry
C:\Users\orial\OneDrive\Desktop\archive\Data\genres_original\hiphop\hiphop.00040.wav,Angry
C:\Users\orial\OneDrive\Desktop\archive\Data\genres_original\hiphop\hiphop.00041.wav,Angry
C:\Users\orial\OneDrive\Desktop\archive\Data\genres_original\hiphop\hiphop.00042.wav,Angry
C:\Users\orial\OneDrive\Desktop\archive\Data\genres_original\hiphop\hiphop.00043.wav,Angry
C:\Users\orial\OneDrive\Desktop\archive\Data\genres_original\hiphop\hiphop.00044.wav,Angry
C:\Users\orial\OneDrive\Desktop\archive\Data\genres_original\hiphop\hiphop.00045.wav,Angry
C:\Users\orial\OneDrive\Desktop\archive\Data\genres_original\hiphop\hiphop.00046.wav,Angry
C:\Users\orial\OneDrive\Desktop\archive\Data\genres_original\hiphop\hiphop.00047.wav,Angry
C:\Users\orial\OneDrive\Desktop\archive\Data\genres_original\hiphop\hiphop.00048.wav,Angry
C:\Users\orial\OneDrive\Desktop\archive\Data\genres_original\hiphop\hiphop.00049.wav,Angry
C:\Users\orial\OneDrive\Desktop\archive\Data\genres_original\hiphop\hiphop.00050.wav,Angry
C:\Users\orial\OneDrive\Desktop\archive\Data\genres_original\hiphop\hiphop.00051.wav,Angry
C:\Users\orial\OneDrive\Desktop\archive\Data\genres_original\hiphop\hiphop.00052.wav,Angry
C:\Users\orial\OneDrive\Desktop\archive\Data\genres_original\hiphop\hiphop.00053.wav,Angry
C:\Users\orial\OneDrive\Desktop\archive\Data\genres_original\hiphop\hiphop.00054.wav,Angry
C:\Users\orial\OneDrive\Desktop\archive\Data\genres_original\hiphop\hiphop.00055.wav,Angry
C:\Users\orial\OneDrive\Desktop\archive\Data\genres_original\hiphop\hiphop.00056.wav,Angry
C:\Users\orial\OneDrive\Desktop\archive\Data\genres_original\hiphop\hiphop.00057.wav,Angry
C:\Users\orial\OneDrive\Desktop\archive\Data\genres_original\hiphop\hiphop.00058.wav,Angry
C:\Users\orial\OneDrive\Desktop\archive\Data\genres_original\hiphop\hiphop.00059.wav,Angry
C:\Users\orial\OneDrive\Desktop\archive\Data\genres_original\hiphop\hiphop.00060.wav,Angry
C:\Users\orial\OneDrive\Desktop\archive\Data\genres_original\hiphop\hiphop.00061.wav,Angry
C:\Users\orial\OneDrive\Desktop\archive\Data\genres_original\hiphop\hiphop.00062.wav,Angry
C:\Users\orial\OneDrive\Desktop\archive\Data\genres_original\hiphop\hiphop.00063.wav,Angry
C:\Users\orial\OneDrive\Desktop\archive\Data\genres_original\hiphop\hiphop.00064.wav,Angry
C:\Users\orial\OneDrive\Desktop\archive\Data\genres_original\hiphop\hiphop.00065.wav,Angry
C:\Users\orial\OneDrive\Desktop\archive\Data\genres_original\hiphop\hiphop.00066.wav,Angry
C:\Users\orial\OneDrive\Desktop\archive\Data\genres_original\hiphop\hiphop.00067.wav,Angry
C:\Users\orial\OneDrive\Desktop\archive\Data\genres_original\hiphop\hiphop.00068.wav,Angry
C:\Users\orial\OneDrive\Desktop\archive\Data\genres_original\hiphop\hiphop.00069.wav,Angry
C:\Users\orial\OneDrive\Desktop\archive\Data\genres_original\hiphop\hiphop.00070.wav,Angry
C:\Users\orial\OneDrive\Desktop\archive\Data\genres_original\hiphop\hiphop.00071.wav,Angry
C:\Users\orial\OneDrive\Desktop\archive\Data\genres_original\hiphop\hiphop.00072.wav,Angry
C:\Users\orial\OneDrive\Desktop\archive\Data\genres_original\hiphop\hiphop.00073.wav,Angry
C:\Users\orial\OneDrive\Desktop\archive\Data\genres_original\hiphop\hiphop.00074.wav,Angry
C:\Users\orial\OneDrive\Desktop\archive\Data\genres_original\hiphop\hiphop.00075.wav,Angry
C:\Users\orial\OneDrive\Desktop\archive\Data\genres_original\hiphop\hiphop.00076.wav,Angry
C:\Users\orial\OneDrive\Desktop\archive\Data\genres_original\hiphop\hiphop.00077.wav,Angry
C:\Users\orial\OneDrive\Desktop\archive\Data\genres_original\hiphop\hiphop.00078.wav,Angry
C:\Users\orial\OneDrive\Desktop\archive\Data\genres_original\hiphop\hiphop.00079.wav,Angry
C:\Users\orial\OneDrive\Desktop\archive\Data\genres_original\hiphop\hiphop.00080.wav,Angry
C:\Users\orial\OneDrive\Desktop\archive\Data\genres_original\hiphop\hiphop.00081.wav,Angry
C:\Users\orial\OneDrive\Desktop\archive\Data\genres_original\hiphop\hiphop.00082.wav,Angry
C:\Users\orial\OneDrive\Desktop\archive\Data\genres_original\hiphop\hiphop.00083.wav,Angry
C:\Users\orial\OneDrive\Desktop\archive\Data\genres_original\hiphop\hiphop.00084.wav,Angry
C:\Users\orial\OneDrive\Desktop\archive\Data\genres_original\hiphop\hiphop.00085.wav,Angry
C:\Users\orial\OneDrive\Desktop\archive\Data\genres_original\hiphop\hiphop.00086.wav,Angry
C:\Users\orial\OneDrive\Desktop\archive\Data\genres_original\hiphop\hiphop.00087.wav,Angry
C:\Users\orial\OneDrive\Desktop\archive\Data\genres_original\hiphop\hiphop.00088.wav,Angry
C:\Users\orial\OneDrive\Desktop\archive\Data\genres_original\hiphop\hiphop.00089.wav,Angry
C:\Users\orial\OneDrive\Desktop\archive\Data\genres_original\hiphop\hiphop.00090.wav,Angry
C:\Users\orial\OneDrive\Desktop\archive\Data\genres_original\hiphop\hiphop.00091.wav,Angry
C:\Users\orial\OneDrive\Desktop\archive\Data\genres_original\hiphop\hiphop.00092.wav,Angry
C:\Users\orial\OneDrive\Desktop\archive\Data\genres_original\hiphop\hiphop.00093.wav,Angry
C:\Users\orial\OneDrive\Desktop\archive\Data\genres_original\hiphop\hiphop.00094.wav,Angry
C:\Users\orial\OneDrive\Desktop\archive\Data\genres_original\hiphop\hiphop.00095.wav,Angry
C:\Users\orial\OneDrive\Desktop\archive\Data\genres_original\hiphop\hiphop.00096.wav,Angry
C:\Users\orial\OneDrive\Desktop\archive\Data\genres_original\hiphop\hiphop.00097.wav,Angry
C:\Users\orial\OneDrive\Desktop\archive\Data\genres_original\hiphop\hiphop.00098.wav,Angry
C:\Users\orial\OneDrive\Desktop\archive\Data\genres_original\hiphop\hiphop.00099.wav,Angry
C:\Users\orial\OneDrive\Desktop\archive\Data\genres_original\jazz\jazz.00000.wav,Calm
C:\Users\orial\OneDrive\Desktop\archive\Data\genres_original\jazz\jazz.00001.wav,Calm
C:\Users\orial\OneDrive\Desktop\archive\Data\genres_original\jazz\jazz.00002.wav,Calm
C:\Users\orial\OneDrive\Desktop\archive\Data\genres_original\jazz\jazz.00003.wav,Calm
C:\Users\orial\OneDrive\Desktop\archive\Data\genres_original\jazz\jazz.00004.wav,Calm
C:\Users\orial\OneDrive\Desktop\archive\Data\genres_original\jazz\jazz.00005.wav,Calm
C:\Users\orial\OneDrive\Desktop\archive\Data\genres_original\jazz\jazz.00006.wav,Calm
C:\Users\orial\OneDrive\Desktop\archive\Data\genres_original\jazz\jazz.00007.wav,Calm
C:\Users\orial\OneDrive\Desktop\archive\Data\genres_original\jazz\jazz.00008.wav,Calm
C:\Users\orial\OneDrive\Desktop\archive\Data\genres_original\jazz\jazz.00009.wav,Calm
C:\Users\orial\OneDrive\Desktop\archive\Data\genres_original\jazz\jazz.00010.wav,Calm
C:\Users\orial\OneDrive\Desktop\archive\Data\genres_original\jazz\jazz.00011.wav,Calm
C:\Users\orial\OneDrive\Desktop\archive\Data\genres_original\jazz\jazz.00012.wav,Calm
C:\Users\orial\OneDrive\Desktop\archive\Data\genres_original\jazz\jazz.00013.wav,Calm
C:\Users\orial\OneDrive\Desktop\archive\Data\genres_original\jazz\jazz.00014.wav,Calm
C:\Users\orial\OneDrive\Desktop\archive\Data\genres_original\jazz\jazz.00015.wav,Calm
C:\Users\orial\OneDrive\Desktop\archive\Data\genres_original\jazz\jazz.00016.wav,Calm
C:\Users\orial\OneDrive\Desktop\archive\Data\genres_original\jazz\jazz.00017.wav,Calm
C:\Users\orial\OneDrive\Desktop\archive\Data\genres_original\jazz\jazz.00018.wav,Calm
C:\Users\orial\OneDrive\Desktop\archive\Data\genres_original\jazz\jazz.00019.wav,Calm
C:\Users\orial\OneDrive\Desktop\archive\Data\genres_original\jazz\jazz.00020.wav,Calm
C:\Users\orial\OneDrive\Desktop\archive\Data\genres_original\jazz\jazz.00021.wav,Calm
C:\Users\orial\OneDrive\Desktop\archive\Data\genres_original\jazz\jazz.00022.wav,Calm
C:\Users\orial\OneDrive\Desktop\archive\Data\genres_original\jazz\jazz.00023.wav,Calm
C:\Users\orial\OneDrive\Desktop\archive\Data\genres_original\jazz\jazz.00024.wav,Calm
C:\Users\orial\OneDrive\Desktop\archive\Data\genres_original\jazz\jazz.00025.wav,Calm
C:\Users\orial\OneDrive\Desktop\archive\Data\genres_original\jazz\jazz.00026.wav,Calm
C:\Users\orial\OneDrive\Desktop\archive\Data\genres_original\jazz\jazz.00027.wav,Calm
C:\Users\orial\OneDrive\Desktop\archive\Data\genres_original\jazz\jazz.00028.wav,Calm
C:\Users\orial\OneDrive\Desktop\archive\Data\genres_original\jazz\jazz.00029.wav,Calm
C:\Users\orial\OneDrive\Desktop\archive\Data\genres_original\jazz\jazz.00030.wav,Calm
C:\Users\orial\OneDrive\Desktop\archive\Data\genres_original\jazz\jazz.00031.wav,Calm
C:\Users\orial\OneDrive\Desktop\archive\Data\genres_original\jazz\jazz.00032.wav,Calm
C:\Users\orial\OneDrive\Desktop\archive\Data\genres_original\jazz\jazz.00033.wav,Calm
C:\Users\orial\OneDrive\Desktop\archive\Data\genres_original\jazz\jazz.00034.wav,Calm
C:\Users\orial\OneDrive\Desktop\archive\Data\genres_original\jazz\jazz.00035.wav,Calm
C:\Users\orial\OneDrive\Desktop\archive\Data\genres_original\jazz\jazz.00036.wav,Calm
C:\Users\orial\OneDrive\Desktop\archive\Data\genres_original\jazz\jazz.00037.wav,Calm
C:\Users\orial\OneDrive\Desktop\archive\Data\genres_original\jazz\jazz.00038.wav,Calm
C:\Users\orial\OneDrive\Desktop\archive\Data\genres_original\jazz\jazz.00039.wav,Calm
C:\Users\orial\OneDrive\Desktop\archive\Data\genres_original\jazz\jazz.00040.wav,Calm
C:\Users\orial\OneDrive\Desktop\archive\Data\genres_original\jazz\jazz.00041.wav,Calm
C:\Users\orial\OneDrive\Desktop\archive\Data\genres_original\jazz\jazz.00042.wav,Calm
C:\Users\orial\OneDrive\Desktop\archive\Data\genres_original\jazz\jazz.00043.wav,Calm
C:\Users\orial\OneDrive\Desktop\archive\Data\genres_original\jazz\jazz.00044.wav,Calm
C:\Users\orial\OneDrive\Desktop\archive\Data\genres_original\jazz\jazz.00045.wav,Calm
C:\Users\orial\OneDrive\Desktop\archive\Data\genres_original\jazz\jazz.00046.wav,Calm
C:\Users\orial\OneDrive\Desktop\archive\Data\genres_original\jazz\jazz.00047.wav,Calm
C:\Users\orial\OneDrive\Desktop\archive\Data\genres_original\jazz\jazz.00048.wav,Calm
C:\Users\orial\OneDrive\Desktop\archive\Data\genres_original\jazz\jazz.00049.wav,Calm
C:\Users\orial\OneDrive\Desktop\archive\Data\genres_original\jazz\jazz.00050.wav,Calm
C:\Users\orial\OneDrive\Desktop\archive\Data\genres_original\jazz\jazz.00051.wav,Calm
C:\Users\orial\OneDrive\Desktop\archive\Data\genres_original\jazz\jazz.00052.wav,Calm
C:\Users\orial\OneDrive\Desktop\archive\Data\genres_original\jazz\jazz.00053.wav,Calm
C:\Users\orial\OneDrive\Desktop\archive\Data\genres_original\jazz\jazz.00054.wav,Calm
C:\Users\orial\OneDrive\Desktop\archive\Data\genres_original\jazz\jazz.00055.wav,Calm
C:\Users\orial\OneDrive\Desktop\archive\Data\genres_original\jazz\jazz.00056.wav,Calm
C:\Users\orial\OneDrive\Desktop\archive\Data\genres_original\jazz\jazz.00057.wav,Calm
C:\Users\orial\OneDrive\Desktop\archive\Data\genres_original\jazz\jazz.00058.wav,Calm
C:\Users\orial\OneDrive\Desktop\archive\Data\genres_original\jazz\jazz.00059.wav,Calm
C:\Users\orial\OneDrive\Desktop\archive\Data\genres_original\jazz\jazz.00060.wav,Calm
C:\Users\orial\OneDrive\Desktop\archive\Data\genres_original\jazz\jazz.00061.wav,Calm
C:\Users\orial\OneDrive\Desktop\archive\Data\genres_original\jazz\jazz.00062.wav,Calm
C:\Users\orial\OneDrive\Desktop\archive\Data\genres_original\jazz\jazz.00063.wav,Calm
C:\Users\orial\OneDrive\Desktop\archive\Data\genres_original\jazz\jazz.00064.wav,Calm
C:\Users\orial\OneDrive\Desktop\archive\Data\genres_original\jazz\jazz.00065.wav,Calm
C:\Users\orial\OneDrive\Desktop\archive\Data\genres_original\jazz\jazz.00066.wav,Calm
C:\Users\orial\OneDrive\Desktop\archive\Data\genres_original\jazz\jazz.00067.wav,Calm
C:\Users\orial\OneDrive\Desktop\archive\Data\genres_original\jazz\jazz.00068.wav,Calm
C:\Users\orial\OneDrive\Desktop\archive\Data\genres_original\jazz\jazz.00069.wav,Calm
C:\Users\orial\OneDrive\Desktop\archive\Data\genres_original\jazz\jazz.00070.wav,Calm
C:\Users\orial\OneDrive\Desktop\archive\Data\genres_original\jazz\jazz.00071.wav,Calm
C:\Users\orial\OneDrive\Desktop\archive\Data\genres_original\jazz\jazz.00072.wav,Calm
C:\Users\orial\OneDrive\Desktop\archive\Data\genres_original\jazz\jazz.00073.wav,Calm
C:\Users\orial\OneDrive\Desktop\archive\Data\genres_original\jazz\jazz.00074.wav,Calm
C:\Users\orial\OneDrive\Desktop\archive\Data\genres_original\jazz\jazz.00075.wav,Calm
C:\Users\orial\OneDrive\Desktop\archive\Data\genres_original\jazz\jazz.00076.wav,Calm
C:\Users\orial\OneDrive\Desktop\archive\Data\genres_original\jazz\jazz.00077.wav,Calm
C:\Users\orial\OneDrive\Desktop\archive\Data\genres_original\jazz\jazz.00078.wav,Calm
C:\Users\orial\OneDrive\Desktop\archive\Data\genres_original\jazz\jazz.00079.wav,Calm
C:\Users\orial\OneDrive\Desktop\archive\Data\genres_original\jazz\jazz.00080.wav,Calm
C:\Users\orial\OneDrive\Desktop\archive\Data\genres_original\jazz\jazz.00081.wav,Calm
C:\Users\orial\OneDrive\Desktop\archive\Data\genres_original\jazz\jazz.00082.wav,Calm
C:\Users\orial\OneDrive\Desktop\archive\Data\genres_original\jazz\jazz.00083.wav,Calm
C:\Users\orial\OneDrive\Desktop\archive\Data\genres_original\jazz\jazz.00084.wav,Calm
C:\Users\orial\OneDrive\Desktop\archive\Data\genres_original\jazz\jazz.00085.wav,Calm
C:\Users\orial\OneDrive\Desktop\archive\Data\genres_original\jazz\jazz.00086.wav,Calm
C:\Users\orial\OneDrive\Desktop\archive\Data\genres_original\jazz\jazz.00087.wav,Calm
C:\Users\orial\OneDrive\Desktop\archive\Data\genres_original\jazz\jazz.00088.wav,Calm
C:\Users\orial\OneDrive\Desktop\archive\Data\genres_original\jazz\jazz.00089.wav,Calm
C:\Users\orial\OneDrive\Desktop\archive\Data\genres_original\jazz\jazz.00090.wav,Calm
C:\Users\orial\OneDrive\Desktop\archive\Data\genres_original\jazz\jazz.00091.wav,Calm
C:\Users\orial\OneDrive\Desktop\archive\Data\genres_original\jazz\jazz.00092.wav,Calm
C:\Users\orial\OneDrive\Desktop\archive\Data\genres_original\jazz\jazz.00093.wav,Calm
C:\Users\orial\OneDrive\Desktop\archive\Data\genres_original\jazz\jazz.00094.wav,Calm
C:\Users\orial\OneDrive\Desktop\archive\Data\genres_original\jazz\jazz.00095.wav,Calm
C:\Users\orial\OneDrive\Desktop\archive\Data\genres_original\jazz\jazz.00096.wav,Calm
C:\Users\orial\OneDrive\Desktop\archive\Data\genres_original\jazz\jazz.00097.wav,Calm
C:\Users\orial\OneDrive\Desktop\archive\Data\genres_original\jazz\jazz.00098.wav,Calm
C:\Users\orial\OneDrive\Desktop\archive\Data\genres_original\jazz\jazz.00099.wav,Calm
C:\Users\orial\OneDrive\Desktop\archive\Data\genres_original\metal\metal.00000.wav,Angry
C:\Users\orial\OneDrive\Desktop\archive\Data\genres_original\metal\metal.00001.wav,Angry
C:\Users\orial\OneDrive\Desktop\archive\Data\genres_original\metal\metal.00002.wav,Angry
C:\Users\orial\OneDrive\Desktop\archive\Data\genres_original\metal\metal.00003.wav,Angry
C:\Users\orial\OneDrive\Desktop\archive\Data\genres_original\metal\metal.00004.wav,Angry
C:\Users\orial\OneDrive\Desktop\archive\Data\genres_original\metal\metal.00005.wav,Angry
C:\Users\orial\OneDrive\Desktop\archive\Data\genres_original\metal\metal.00006.wav,Angry
C:\Users\orial\OneDrive\Desktop\archive\Data\genres_original\metal\metal.00007.wav,Angry
C:\Users\orial\OneDrive\Desktop\archive\Data\genres_original\metal\metal.00008.wav,Angry
C:\Users\orial\OneDrive\Desktop\archive\Data\genres_original\metal\metal.00009.wav,Angry
C:\Users\orial\OneDrive\Desktop\archive\Data\genres_original\metal\metal.00010.wav,Angry
C:\Users\orial\OneDrive\Desktop\archive\Data\genres_original\metal\metal.00011.wav,Angry
C:\Users\orial\OneDrive\Desktop\archive\Data\genres_original\metal\metal.00012.wav,Angry
C:\Users\orial\OneDrive\Desktop\archive\Data\genres_original\metal\metal.00013.wav,Angry
C:\Users\orial\OneDrive\Desktop\archive\Data\genres_original\metal\metal.00014.wav,Angry
C:\Users\orial\OneDrive\Desktop\archive\Data\genres_original\metal\metal.00015.wav,Angry
C:\Users\orial\OneDrive\Desktop\archive\Data\genres_original\metal\metal.00016.wav,Angry
C:\Users\orial\OneDrive\Desktop\archive\Data\genres_original\metal\metal.00017.wav,Angry
C:\Users\orial\OneDrive\Desktop\archive\Data\genres_original\metal\metal.00018.wav,Angry
C:\Users\orial\OneDrive\Desktop\archive\Data\genres_original\metal\metal.00019.wav,Angry
C:\Users\orial\OneDrive\Desktop\archive\Data\genres_original\metal\metal.00020.wav,Angry
C:\Users\orial\OneDrive\Desktop\archive\Data\genres_original\metal\metal.00021.wav,Angry
C:\Users\orial\OneDrive\Desktop\archive\Data\genres_original\metal\metal.00022.wav,Angry
C:\Users\orial\OneDrive\Desktop\archive\Data\genres_original\metal\metal.00023.wav,Angry
C:\Users\orial\OneDrive\Desktop\archive\Data\genres_original\metal\metal.00024.wav,Angry
C:\Users\orial\OneDrive\Desktop\archive\Data\genres_original\metal\metal.00025.wav,Angry
C:\Users\orial\OneDrive\Desktop\archive\Data\genres_original\metal\metal.00026.wav,Angry
C:\Users\orial\OneDrive\Desktop\archive\Data\genres_original\metal\metal.00027.wav,Angry
C:\Users\orial\OneDrive\Desktop\archive\Data\genres_original\metal\metal.00028.wav,Angry
C:\Users\orial\OneDrive\Desktop\archive\Data\genres_original\metal\metal.00029.wav,Angry
C:\Users\orial\OneDrive\Desktop\archive\Data\genres_original\metal\metal.00030.wav,Angry
C:\Users\orial\OneDrive\Desktop\archive\Data\genres_original\metal\metal.00031.wav,Angry
C:\Users\orial\OneDrive\Desktop\archive\Data\genres_original\metal\metal.00032.wav,Angry
C:\Users\orial\OneDrive\Desktop\archive\Data\genres_original\metal\metal.00033.wav,Angry
C:\Users\orial\OneDrive\Desktop\archive\Data\genres_original\metal\metal.00034.wav,Angry
C:\Users\orial\OneDrive\Desktop\archive\Data\genres_original\metal\metal.00035.wav,Angry
C:\Users\orial\OneDrive\Desktop\archive\Data\genres_original\metal\metal.00036.wav,Angry
C:\Users\orial\OneDrive\Desktop\archive\Data\genres_original\metal\metal.00037.wav,Angry
C:\Users\orial\OneDrive\Desktop\archive\Data\genres_original\metal\metal.00038.wav,Angry
C:\Users\orial\OneDrive\Desktop\archive\Data\genres_original\metal\metal.00039.wav,Angry
C:\Users\orial\OneDrive\Desktop\archive\Data\genres_original\metal\metal.00040.wav,Angry
C:\Users\orial\OneDrive\Desktop\archive\Data\genres_original\metal\metal.00041.wav,Angry
C:\Users\orial\OneDrive\Desktop\archive\Data\genres_original\metal\metal.00042.wav,Angry
C:\Users\orial\OneDrive\Desktop\archive\Data\genres_original\metal\metal.00043.wav,Angry
C:\Users\orial\OneDrive\Desktop\archive\Data\genres_original\metal\metal.00044.wav,Angry
C:\Users\orial\OneDrive\Desktop\archive\Data\genres_original\metal\metal.00045.wav,Angry
C:\Users\orial\OneDrive\Desktop\archive\Data\genres_original\metal\metal.00046.wav,Angry
C:\Users\orial\OneDrive\Desktop\archive\Data\genres_original\metal\metal.00047.wav,Angry
C:\Users\orial\OneDrive\Desktop\archive\Data\genres_original\metal\metal.00048.wav,Angry
C:\Users\orial\OneDrive\Desktop\archive\Data\genres_original\metal\metal.00049.wav,Angry
C:\Users\orial\OneDrive\Desktop\archive\Data\genres_original\metal\metal.00050.wav,Angry
C:\Users\orial\OneDrive\Desktop\archive\Data\genres_original\metal\metal.00051.wav,Angry
C:\Users\orial\OneDrive\Desktop\archive\Data\genres_original\metal\metal.00052.wav,Angry
C:\Users\orial\OneDrive\Desktop\archive\Data\genres_original\metal\metal.00053.wav,Angry
C:\Users\orial\OneDrive\Desktop\archive\Data\genres_original\metal\metal.00054.wav,Angry
C:\Users\orial\OneDrive\Desktop\archive\Data\genres_original\metal\metal.00055.wav,Angry
C:\Users\orial\OneDrive\Desktop\archive\Data\genres_original\metal\metal.00056.wav,Angry
C:\Users\orial\OneDrive\Desktop\archive\Data\genres_original\metal\metal.00057.wav,Angry
C:\Users\orial\OneDrive\Desktop\archive\Data\genres_original\metal\metal.00058.wav,Angry
C:\Users\orial\OneDrive\Desktop\archive\Data\genres_original\metal\metal.00059.wav,Angry
C:\Users\orial\OneDrive\Desktop\archive\Data\genres_original\metal\metal.00060.wav,Angry
C:\Users\orial\OneDrive\Desktop\archive\Data\genres_original\metal\metal.00061.wav,Angry
C:\Users\orial\OneDrive\Desktop\archive\Data\genres_original\metal\metal.00062.wav,Angry
C:\Users\orial\OneDrive\Desktop\archive\Data\genres_original\metal\metal.00063.wav,Angry
C:\Users\orial\OneDrive\Desktop\archive\Data\genres_original\metal\metal.00064.wav,Angry
C:\Users\orial\OneDrive\Desktop\archive\Data\genres_original\metal\metal.00065.wav,Angry
C:\Users\orial\OneDrive\Desktop\archive\Data\genres_original\metal\metal.00066.wav,Angry
C:\Users\orial\OneDrive\Desktop\archive\Data\genres_original\metal\metal.00067.wav,Angry
C:\Users\orial\OneDrive\Desktop\archive\Data\genres_original\metal\metal.00068.wav,Angry
C:\Users\orial\OneDrive\Desktop\archive\Data\genres_original\metal\metal.00069.wav,Angry
C:\Users\orial\OneDrive\Desktop\archive\Data\genres_original\metal\metal.00070.wav,Angry
C:\Users\orial\OneDrive\Desktop\archive\Data\genres_original\metal\metal.00071.wav,Angry
C:\Users\orial\OneDrive\Desktop\archive\Data\genres_original\metal\metal.00072.wav,Angry
C:\Users\orial\OneDrive\Desktop\archive\Data\genres_original\metal\metal.00073.wav,Angry
C:\Users\orial\OneDrive\Desktop\archive\Data\genres_original\metal\metal.00074.wav,Angry
C:\Users\orial\OneDrive\Desktop\archive\Data\genres_original\metal\metal.00075.wav,Angry
C:\Users\orial\OneDrive\Desktop\archive\Data\genres_original\metal\metal.00076.wav,Angry
C:\Users\orial\OneDrive\Desktop\archive\Data\genres_original\metal\metal.00077.wav,Angry
C:\Users\orial\OneDrive\Desktop\archive\Data\genres_original\metal\metal.00078.wav,Angry
C:\Users\orial\OneDrive\Desktop\archive\Data\genres_original\metal\metal.00079.wav,Angry
C:\Users\orial\OneDrive\Desktop\archive\Data\genres_original\metal\metal.00080.wav,Angry
C:\Users\orial\OneDrive\Desktop\archive\Data\genres_original\metal\metal.00081.wav,Angry
C:\Users\orial\OneDrive\Desktop\archive\Data\genres_original\metal\metal.00082.wav,Angry
C:\Users\orial\OneDrive\Desktop\archive\Data\genres_original\metal\metal.00083.wav,Angry
C:\Users\orial\OneDrive\Desktop\archive\Data\genres_original\metal\metal.00084.wav,Angry
C:\Users\orial\OneDrive\Desktop\archive\Data\genres_original\metal\metal.00085.wav,Angry
C:\Users\orial\OneDrive\Desktop\archive\Data\genres_original\metal\metal.00086.wav,Angry
C:\Users\orial\OneDrive\Desktop\archive\Data\genres_original\metal\metal.00087.wav,Angry
C:\Users\orial\OneDrive\Desktop\archive\Data\genres_original\metal\metal.00088.wav,Angry
C:\Users\orial\OneDrive\Desktop\archive\Data\genres_original\metal\metal.00089.wav,Angry
C:\Users\orial\OneDrive\Desktop\archive\Data\genres_original\metal\metal.00090.wav,Angry
C:\Users\orial\OneDrive\Desktop\archive\Data\genres_original\metal\metal.00091.wav,Angry
C:\Users\orial\OneDrive\Desktop\archive\Data\genres_original\metal\metal.00092.wav,Angry
C:\Users\orial\OneDrive\Desktop\archive\Data\genres_original\metal\metal.00093.wav,Angry
C:\Users\orial\OneDrive\Desktop\archive\Data\genres_original\metal\metal.00094.wav,Angry
C:\Users\orial\OneDrive\Desktop\archive\Data\genres_original\metal\metal.00095.wav,Angry
C:\Users\orial\OneDrive\Desktop\archive\Data\genres_original\metal\metal.00096.wav,Angry
C:\Users\orial\OneDrive\Desktop\archive\Data\genres_original\metal\metal.00097.wav,Angry
C:\Users\orial\OneDrive\Desktop\archive\Data\genres_original\metal\metal.00098.wav,Angry
C:\Users\orial\OneDrive\Desktop\archive\Data\genres_original\metal\metal.00099.wav,Angry
C:\Users\orial\OneDrive\Desktop\archive\Data\genres_original\pop\pop.00000.wav,Happy
C:\Users\orial\OneDrive\Desktop\archive\Data\genres_original\pop\pop.00001.wav,Happy
C:\Users\orial\OneDrive\Desktop\archive\Data\genres_original\pop\pop.00002.wav,Happy
C:\Users\orial\OneDrive\Desktop\archive\Data\genres_original\pop\pop.00003.wav,Happy
C:\Users\orial\OneDrive\Desktop\archive\Data\genres_original\pop\pop.00004.wav,Happy
C:\Users\orial\OneDrive\Desktop\archive\Data\genres_original\pop\pop.00005.wav,Happy
C:\Users\orial\OneDrive\Desktop\archive\Data\genres_original\pop\pop.00006.wav,Happy
C:\Users\orial\OneDrive\Desktop\archive\Data\genres_original\pop\pop.00007.wav,Happy
C:\Users\orial\OneDrive\Desktop\archive\Data\genres_original\pop\pop.00008.wav,Happy
C:\Users\orial\OneDrive\Desktop\archive\Data\genres_original\pop\pop.00009.wav,Happy
C:\Users\orial\OneDrive\Desktop\archive\Data\genres_original\pop\pop.00010.wav,Happy
C:\Users\orial\OneDrive\Desktop\archive\Data\genres_original\pop\pop.00011.wav,Happy
C:\Users\orial\OneDrive\Desktop\archive\Data\genres_original\pop\pop.00012.wav,Happy
C:\Users\orial\OneDrive\Desktop\archive\Data\genres_original\pop\pop.00013.wav,Happy
C:\Users\orial\OneDrive\Desktop\archive\Data\genres_original\pop\pop.00014.wav,Happy
C:\Users\orial\OneDrive\Desktop\archive\Data\genres_original\pop\pop.00015.wav,Happy
C:\Users\orial\OneDrive\Desktop\archive\Data\genres_original\pop\pop.00016.wav,Happy
C:\Users\orial\OneDrive\Desktop\archive\Data\genres_original\pop\pop.00017.wav,Happy
C:\Users\orial\OneDrive\Desktop\archive\Data\genres_original\pop\pop.00018.wav,Happy
C:\Users\orial\OneDrive\Desktop\archive\Data\genres_original\pop\pop.00019.wav,Happy
C:\Users\orial\OneDrive\Desktop\archive\Data\genres_original\pop\pop.00020.wav,Happy
C:\Users\orial\OneDrive\Desktop\archive\Data\genres_original\pop\pop.00021.wav,Happy
C:\Users\orial\OneDrive\Desktop\archive\Data\genres_original\pop\pop.00022.wav,Happy
C:\Users\orial\OneDrive\Desktop\archive\Data\genres_original\pop\pop.00023.wav,Happy
C:\Users\orial\OneDrive\Desktop\archive\Data\genres_original\pop\pop.00024.wav,Happy
C:\Users\orial\OneDrive\Desktop\archive\Data\genres_original\pop\pop.00025.wav,Happy
C:\Users\orial\OneDrive\Desktop\archive\Data\genres_original\pop\pop.00026.wav,Happy
C:\Users\orial\OneDrive\Desktop\archive\Data\genres_original\pop\pop.00027.wav,Happy
C:\Users\orial\OneDrive\Desktop\archive\Data\genres_original\pop\pop.00028.wav,Happy
C:\Users\orial\OneDrive\Desktop\archive\Data\genres_original\pop\pop.00029.wav,Happy
C:\Users\orial\OneDrive\Desktop\archive\Data\genres_original\pop\pop.00030.wav,Happy
C:\Users\orial\OneDrive\Desktop\archive\Data\genres_original\pop\pop.00031.wav,Happy
C:\Users\orial\OneDrive\Desktop\archive\Data\genres_original\pop\pop.00032.wav,Happy
C:\Users\orial\OneDrive\Desktop\archive\Data\genres_original\pop\pop.00033.wav,Happy
C:\Users\orial\OneDrive\Desktop\archive\Data\genres_original\pop\pop.00034.wav,Happy
C:\Users\orial\OneDrive\Desktop\archive\Data\genres_original\pop\pop.00035.wav,Happy
C:\Users\orial\OneDrive\Desktop\archive\Data\genres_original\pop\pop.00036.wav,Happy
C:\Users\orial\OneDrive\Desktop\archive\Data\genres_original\pop\pop.00037.wav,Happy
C:\Users\orial\OneDrive\Desktop\archive\Data\genres_original\pop\pop.00038.wav,Happy
C:\Users\orial\OneDrive\Desktop\archive\Data\genres_original\pop\pop.00039.wav,Happy
C:\Users\orial\OneDrive\Desktop\archive\Data\genres_original\pop\pop.00040.wav,Happy
C:\Users\orial\OneDrive\Desktop\archive\Data\genres_original\pop\pop.00041.wav,Happy
C:\Users\orial\OneDrive\Desktop\archive\Data\genres_original\pop\pop.00042.wav,Happy
C:\Users\orial\OneDrive\Desktop\archive\Data\genres_original\pop\pop.00043.wav,Happy
C:\Users\orial\OneDrive\Desktop\archive\Data\genres_original\pop\pop.00044.wav,Happy
C:\Users\orial\OneDrive\Desktop\archive\Data\genres_original\pop\pop.00045.wav,Happy
C:\Users\orial\OneDrive\Desktop\archive\Data\genres_original\pop\pop.00046.wav,Happy
C:\Users\orial\OneDrive\Desktop\archive\Data\genres_original\pop\pop.00047.wav,Happy
C:\Users\orial\OneDrive\Desktop\archive\Data\genres_original\pop\pop.00048.wav,Happy
C:\Users\orial\OneDrive\Desktop\archive\Data\genres_original\pop\pop.00049.wav,Happy
C:\Users\orial\OneDrive\Desktop\archive\Data\genres_original\pop\pop.00050.wav,Happy
C:\Users\orial\OneDrive\Desktop\archive\Data\genres_original\pop\pop.00051.wav,Happy
C:\Users\orial\OneDrive\Desktop\archive\Data\genres_original\pop\pop.00052.wav,Happy
C:\Users\orial\OneDrive\Desktop\archive\Data\genres_original\pop\pop.00053.wav,Happy
C:\Users\orial\OneDrive\Desktop\archive\Data\genres_original\pop\pop.00054.wav,Happy
C:\Users\orial\OneDrive\Desktop\archive\Data\genres_original\pop\pop.00055.wav,Happy
C:\Users\orial\OneDrive\Desktop\archive\Data\genres_original\pop\pop.00056.wav,Happy
C:\Users\orial\OneDrive\Desktop\archive\Data\genres_original\pop\pop.00057.wav,Happy
C:\Users\orial\OneDrive\Desktop\archive\Data\genres_original\pop\pop.00058.wav,Happy
C:\Users\orial\OneDrive\Desktop\archive\Data\genres_original\pop\pop.00059.wav,Happy
C:\Users\orial\OneDrive\Desktop\archive\Data\genres_original\pop\pop.00060.wav,Happy
C:\Users\orial\OneDrive\Desktop\archive\Data\genres_original\pop\pop.00061.wav,Happy
C:\Users\orial\OneDrive\Desktop\archive\Data\genres_original\pop\pop.00062.wav,Happy
C:\Users\orial\OneDrive\Desktop\archive\Data\genres_original\pop\pop.00063.wav,Happy
C:\Users\orial\OneDrive\Desktop\archive\Data\genres_original\pop\pop.00064.wav,Happy
C:\Users\orial\OneDrive\Desktop\archive\Data\genres_original\pop\pop.00065.wav,Happy
C:\Users\orial\OneDrive\Desktop\archive\Data\genres_original\pop\pop.00066.wav,Happy
C:\Users\orial\OneDrive\Desktop\archive\Data\genres_original\pop\pop.00067.wav,Happy
C:\Users\orial\OneDrive\Desktop\archive\Data\genres_original\pop\pop.00068.wav,Happy
C:\Users\orial\OneDrive\Desktop\archive\Data\genres_original\pop\pop.00069.wav,Happy
C:\Users\orial\OneDrive\Desktop\archive\Data\genres_original\pop\pop.00070.wav,Happy
C:\Users\orial\OneDrive\Desktop\archive\Data\genres_original\pop\pop.00071.wav,Happy
C:\Users\orial\OneDrive\Desktop\archive\Data\genres_original\pop\pop.00072.wav,Happy
C:\Users\orial\OneDrive\Desktop\archive\Data\genres_original\pop\pop.00073.wav,Happy
C:\Users\orial\OneDrive\Desktop\archive\Data\genres_original\pop\pop.00074.wav,Happy
C:\Users\orial\OneDrive\Desktop\archive\Data\genres_original\pop\pop.00075.wav,Happy
C:\Users\orial\OneDrive\Desktop\archive\Data\genres_original\pop\pop.00076.wav,Happy
C:\Users\orial\OneDrive\Desktop\archive\Data\genres_original\pop\pop.00077.wav,Happy
C:\Users\orial\OneDrive\Desktop\archive\Data\genres_original\pop\pop.00078.wav,Happy
C:\Users\orial\OneDrive\Desktop\archive\Data\genres_original\pop\pop.00079.wav,Happy
C:\Users\orial\OneDrive\Desktop\archive\Data\genres_original\pop\pop.00080.wav,Happy
C:\Users\orial\OneDrive\Desktop\archive\Data\genres_original\pop\pop.00081.wav,Happy
C:\Users\orial\OneDrive\Desktop\archive\Data\genres_original\pop\pop.00082.wav,Happy
C:\Users\orial\OneDrive\Desktop\archive\Data\genres_original\pop\pop.00083.wav,Happy
C:\Users\orial\OneDrive\Desktop\archive\Data\genres_original\pop\pop.00084.wav,Happy
C:\Users\orial\OneDrive\Desktop\archive\Data\genres_original\pop\pop.00085.wav,Happy
C:\Users\orial\OneDrive\Desktop\archive\Data\genres_original\pop\pop.00086.wav,Happy
C:\Users\orial\OneDrive\Desktop\archive\Data\genres_original\pop\pop.00087.wav,Happy
C:\Users\orial\OneDrive\Desktop\archive\Data\genres_original\pop\pop.00088.wav,Happy
C:\Users\orial\OneDrive\Desktop\archive\Data\genres_original\pop\pop.00089.wav,Happy
C:\Users\orial\OneDrive\Desktop\archive\Data\genres_original\pop\pop.00090.wav,Happy
C:\Users\orial\OneDrive\Desktop\archive\Data\genres_original\pop\pop.00091.wav,Happy
C:\Users\orial\OneDrive\Desktop\archive\Data\genres_original\pop\pop.00092.wav,Happy
C:\Users\orial\OneDrive\Desktop\archive\Data\genres_original\pop\pop.00093.wav,Happy
C:\Users\orial\OneDrive\Desktop\archive\Data\genres_original\pop\pop.00094.wav,Happy
C:\Users\orial\OneDrive\Desktop\archive\Data\genres_original\pop\pop.00095.wav,Happy
C:\Users\orial\OneDrive\Desktop\archive\Data\genres_original\pop\pop.00096.wav,Happy
C:\Users\orial\OneDrive\Desktop\archive\Data\genres_original\pop\pop.00097.wav,Happy
C:\Users\orial\OneDrive\Desktop\archive\Data\genres_original\pop\pop.00098.wav,Happy
C:\Users\orial\OneDrive\Desktop\archive\Data\genres_original\pop\pop.00099.wav,Happy
C:\Users\orial\OneDrive\Desktop\archive\Data\genres_original\reggae\reggae.00000.wav,Happy
C:\Users\orial\OneDrive\Desktop\archive\Data\genres_original\reggae\reggae.00001.wav,Happy
C:\Users\orial\OneDrive\Desktop\archive\Data\genres_original\reggae\reggae.00002.wav,Happy
C:\Users\orial\OneDrive\Desktop\archive\Data\genres_original\reggae\reggae.00003.wav,Happy
C:\Users\orial\OneDrive\Desktop\archive\Data\genres_original\reggae\reggae.00004.wav,Happy
C:\Users\orial\OneDrive\Desktop\archive\Data\genres_original\reggae\reggae.00005.wav,Happy
C:\Users\orial\OneDrive\Desktop\archive\Data\genres_original\reggae\reggae.00006.wav,Happy
C:\Users\orial\OneDrive\Desktop\archive\Data\genres_original\reggae\reggae.00007.wav,Happy
C:\Users\orial\OneDrive\Desktop\archive\Data\genres_original\reggae\reggae.00008.wav,Happy
C:\Users\orial\OneDrive\Desktop\archive\Data\genres_original\reggae\reggae.00009.wav,Happy
C:\Users\orial\OneDrive\Desktop\archive\Data\genres_original\reggae\reggae.00010.wav,Happy
C:\Users\orial\OneDrive\Desktop\archive\Data\genres_original\reggae\reggae.00011.wav,Happy
C:\Users\orial\OneDrive\Desktop\archive\Data\genres_original\reggae\reggae.00012.wav,Happy
C:\Users\orial\OneDrive\Desktop\archive\Data\genres_original\reggae\reggae.00013.wav,Happy
C:\Users\orial\OneDrive\Desktop\archive\Data\genres_original\reggae\reggae.00014.wav,Happy
C:\Users\orial\OneDrive\Desktop\archive\Data\genres_original\reggae\reggae.00015.wav,Happy
C:\Users\orial\OneDrive\Desktop\archive\Data\genres_original\reggae\reggae.00016.wav,Happy
C:\Users\orial\OneDrive\Desktop\archive\Data\genres_original\reggae\reggae.00017.wav,Happy
C:\Users\orial\OneDrive\Desktop\archive\Data\genres_original\reggae\reggae.00018.wav,Happy
C:\Users\orial\OneDrive\Desktop\archive\Data\genres_original\reggae\reggae.00019.wav,Happy
C:\Users\orial\OneDrive\Desktop\archive\Data\genres_original\reggae\reggae.00020.wav,Happy
C:\Users\orial\OneDrive\Desktop\archive\Data\genres_original\reggae\reggae.00021.wav,Happy
C:\Users\orial\OneDrive\Desktop\archive\Data\genres_original\reggae\reggae.00022.wav,Happy
C:\Users\orial\OneDrive\Desktop\archive\Data\genres_original\reggae\reggae.00023.wav,Happy
C:\Users\orial\OneDrive\Desktop\archive\Data\genres_original\reggae\reggae.00024.wav,Happy
C:\Users\orial\OneDrive\Desktop\archive\Data\genres_original\reggae\reggae.00025.wav,Happy
C:\Users\orial\OneDrive\Desktop\archive\Data\genres_original\reggae\reggae.00026.wav,Happy
C:\Users\orial\OneDrive\Desktop\archive\Data\genres_original\reggae\reggae.00027.wav,Happy
C:\Users\orial\OneDrive\Desktop\archive\Data\genres_original\reggae\reggae.00028.wav,Happy
C:\Users\orial\OneDrive\Desktop\archive\Data\genres_original\reggae\reggae.00029.wav,Happy
C:\Users\orial\OneDrive\Desktop\archive\Data\genres_original\reggae\reggae.00030.wav,Happy
C:\Users\orial\OneDrive\Desktop\archive\Data\genres_original\reggae\reggae.00031.wav,Happy
C:\Users\orial\OneDrive\Desktop\archive\Data\genres_original\reggae\reggae.00032.wav,Happy
C:\Users\orial\OneDrive\Desktop\archive\Data\genres_original\reggae\reggae.00033.wav,Happy
C:\Users\orial\OneDrive\Desktop\archive\Data\genres_original\reggae\reggae.00034.wav,Happy
C:\Users\orial\OneDrive\Desktop\archive\Data\genres_original\reggae\reggae.00035.wav,Happy
C:\Users\orial\OneDrive\Desktop\archive\Data\genres_original\reggae\reggae.00036.wav,Happy
C:\Users\orial\OneDrive\Desktop\archive\Data\genres_original\reggae\reggae.00037.wav,Happy
C:\Users\orial\OneDrive\Desktop\archive\Data\genres_original\reggae\reggae.00038.wav,Happy
C:\Users\orial\OneDrive\Desktop\archive\Data\genres_original\reggae\reggae.00039.wav,Happy
C:\Users\orial\OneDrive\Desktop\archive\Data\genres_original\reggae\reggae.00040.wav,Happy
C:\Users\orial\OneDrive\Desktop\archive\Data\genres_original\reggae\reggae.00041.wav,Happy
C:\Users\orial\OneDrive\Desktop\archive\Data\genres_original\reggae\reggae.00042.wav,Happy
C:\Users\orial\OneDrive\Desktop\archive\Data\genres_original\reggae\reggae.00043.wav,Happy
C:\Users\orial\OneDrive\Desktop\archive\Data\genres_original\reggae\reggae.00044.wav,Happy
C:\Users\orial\OneDrive\Desktop\archive\Data\genres_original\reggae\reggae.00045.wav,Happy
C:\Users\orial\OneDrive\Desktop\archive\Data\genres_original\reggae\reggae.00046.wav,Happy
C:\Users\orial\OneDrive\Desktop\archive\Data\genres_original\reggae\reggae.00047.wav,Happy
C:\Users\orial\OneDrive\Desktop\archive\Data\genres_original\reggae\reggae.00048.wav,Happy
C:\Users\orial\OneDrive\Desktop\archive\Data\genres_original\reggae\reggae.00049.wav,Happy
C:\Users\orial\OneDrive\Desktop\archive\Data\genres_original\reggae\reggae.00050.wav,Happy
C:\Users\orial\OneDrive\Desktop\archive\Data\genres_original\reggae\reggae.00051.wav,Happy
C:\Users\orial\OneDrive\Desktop\archive\Data\genres_original\reggae\reggae.00052.wav,Happy
C:\Users\orial\OneDrive\Desktop\archive\Data\genres_original\reggae\reggae.00053.wav,Happy
C:\Users\orial\OneDrive\Desktop\archive\Data\genres_original\reggae\reggae.00054.wav,Happy
C:\Users\orial\OneDrive\Desktop\archive\Data\genres_original\reggae\reggae.00055.wav,Happy
C:\Users\orial\OneDrive\Desktop\archive\Data\genres_original\reggae\reggae.00056.wav,Happy
C:\Users\orial\OneDrive\Desktop\archive\Data\genres_original\reggae\reggae.00057.wav,Happy
C:\Users\orial\OneDrive\Desktop\archive\Data\genres_original\reggae\reggae.00058.wav,Happy
C:\Users\orial\OneDrive\Desktop\archive\Data\genres_original\reggae\reggae.00059.wav,Happy
C:\Users\orial\OneDrive\Desktop\archive\Data\genres_original\reggae\reggae.00060.wav,Happy
C:\Users\orial\OneDrive\Desktop\archive\Data\genres_original\reggae\reggae.00061.wav,Happy
C:\Users\orial\OneDrive\Desktop\archive\Data\genres_original\reggae\reggae.00062.wav,Happy
C:\Users\orial\OneDrive\Desktop\archive\Data\genres_original\reggae\reggae.00063.wav,Happy
C:\Users\orial\OneDrive\Desktop\archive\Data\genres_original\reggae\reggae.00064.wav,Happy
C:\Users\orial\OneDrive\Desktop\archive\Data\genres_original\reggae\reggae.00065.wav,Happy
C:\Users\orial\OneDrive\Desktop\archive\Data\genres_original\reggae\reggae.00066.wav,Happy
C:\Users\orial\OneDrive\Desktop\archive\Data\genres_original\reggae\reggae.00067.wav,Happy
C:\Users\orial\OneDrive\Desktop\archive\Data\genres_original\reggae\reggae.00068.wav,Happy
C:\Users\orial\OneDrive\Desktop\archive\Data\genres_original\reggae\reggae.00069.wav,Happy
C:\Users\orial\OneDrive\Desktop\archive\Data\genres_original\reggae\reggae.00070.wav,Happy
C:\Users\orial\OneDrive\Desktop\archive\Data\genres_original\reggae\reggae.00071.wav,Happy
C:\Users\orial\OneDrive\Desktop\archive\Data\genres_original\reggae\reggae.00072.wav,Happy
C:\Users\orial\OneDrive\Desktop\archive\Data\genres_original\reggae\reggae.00073.wav,Happy
C:\Users\orial\OneDrive\Desktop\archive\Data\genres_original\reggae\reggae.00074.wav,Happy
C:\Users\orial\OneDrive\Desktop\archive\Data\genres_original\reggae\reggae.00075.wav,Happy
C:\Users\orial\OneDrive\Desktop\archive\Data\genres_original\reggae\reggae.00076.wav,Happy
C:\Users\orial\OneDrive\Desktop\archive\Data\genres_original\reggae\reggae.00077.wav,Happy
C:\Users\orial\OneDrive\Desktop\archive\Data\genres_original\reggae\reggae.00078.wav,Happy
C:\Users\orial\OneDrive\Desktop\archive\Data\genres_original\reggae\reggae.00079.wav,Happy
C:\Users\orial\OneDrive\Desktop\archive\Data\genres_original\reggae\reggae.00080.wav,Happy
C:\Users\orial\OneDrive\Desktop\archive\Data\genres_original\reggae\reggae.00081.wav,Happy
C:\Users\orial\OneDrive\Desktop\archive\Data\genres_original\reggae\reggae.00082.wav,Happy
C:\Users\orial\OneDrive\Desktop\archive\Data\genres_original\reggae\reggae.00083.wav,Happy
C:\Users\orial\OneDrive\Desktop\archive\Data\genres_original\reggae\reggae.00084.wav,Happy
C:\Users\orial\OneDrive\Desktop\archive\Data\genres_original\reggae\reggae.00085.wav,Happy
C:\Users\orial\OneDrive\Desktop\archive\Data\genres_original\reggae\reggae.00086.wav,Happy
C:\Users\orial\OneDrive\Desktop\archive\Data\genres_original\reggae\reggae.00087.wav,Happy
C:\Users\orial\OneDrive\Desktop\archive\Data\genres_original\reggae\reggae.00088.wav,Happy
C:\Users\orial\OneDrive\Desktop\archive\Data\genres_original\reggae\reggae.00089.wav,Happy
C:\Users\orial\OneDrive\Desktop\archive\Data\genres_original\reggae\reggae.00090.wav,Happy
C:\Users\orial\OneDrive\Desktop\archive\Data\genres_original\reggae\reggae.00091.wav,Happy
C:\Users\orial\OneDrive\Desktop\archive\Data\genres_original\reggae\reggae.00092.wav,Happy
C:\Users\orial\OneDrive\Desktop\archive\Data\genres_original\reggae\reggae.00093.wav,Happy
C:\Users\orial\OneDrive\Desktop\archive\Data\genres_original\reggae\reggae.00094.wav,Happy
C:\Users\orial\OneDrive\Desktop\archive\Data\genres_original\reggae\reggae.00095.wav,Happy
C:\Users\orial\OneDrive\Desktop\archive\Data\genres_original\reggae\reggae.00096.wav,Happy
C:\Users\orial\OneDrive\Desktop\archive\Data\genres_original\reggae\reggae.00097.wav,Happy
C:\Users\orial\OneDrive\Desktop\archive\Data\genres_original\reggae\reggae.00098.wav,Happy
C:\Users\orial\OneDrive\Desktop\archive\Data\genres_original\reggae\reggae.00099.wav,Happy
C:\Users\orial\OneDrive\Desktop\archive\Data\genres_original\rock\rock.00000.wav,Energetic
C:\Users\orial\OneDrive\Desktop\archive\Data\genres_original\rock\rock.00001.wav,Energetic
C:\Users\orial\OneDrive\Desktop\archive\Data\genres_original\rock\rock.00002.wav,Energetic
C:\Users\orial\OneDrive\Desktop\archive\Data\genres_original\rock\rock.00003.wav,Energetic
C:\Users\orial\OneDrive\Desktop\archive\Data\genres_original\rock\rock.00004.wav,Energetic
C:\Users\orial\OneDrive\Desktop\archive\Data\genres_original\rock\rock.00005.wav,Energetic
C:\Users\orial\OneDrive\Desktop\archive\Data\genres_original\rock\rock.00006.wav,Energetic
C:\Users\orial\OneDrive\Desktop\archive\Data\genres_original\rock\rock.00007.wav,Energetic
C:\Users\orial\OneDrive\Desktop\archive\Data\genres_original\rock\rock.00008.wav,Energetic
C:\Users\orial\OneDrive\Desktop\archive\Data\genres_original\rock\rock.00009.wav,Energetic
C:\Users\orial\OneDrive\Desktop\archive\Data\genres_original\rock\rock.00010.wav,Energetic
C:\Users\orial\OneDrive\Desktop\archive\Data\genres_original\rock\rock.00011.wav,Energetic
C:\Users\orial\OneDrive\Desktop\archive\Data\genres_original\rock\rock.00012.wav,Energetic
C:\Users\orial\OneDrive\Desktop\archive\Data\genres_original\rock\rock.00013.wav,Energetic
C:\Users\orial\OneDrive\Desktop\archive\Data\genres_original\rock\rock.00014.wav,Energetic
C:\Users\orial\OneDrive\Desktop\archive\Data\genres_original\rock\rock.00015.wav,Energetic
C:\Users\orial\OneDrive\Desktop\archive\Data\genres_original\rock\rock.00016.wav,Energetic
C:\Users\orial\OneDrive\Desktop\archive\Data\genres_original\rock\rock.00017.wav,Energetic
C:\Users\orial\OneDrive\Desktop\archive\Data\genres_original\rock\rock.00018.wav,Energetic
C:\Users\orial\OneDrive\Desktop\archive\Data\genres_original\rock\rock.00019.wav,Energetic
C:\Users\orial\OneDrive\Desktop\archive\Data\genres_original\rock\rock.00020.wav,Energetic
C:\Users\orial\OneDrive\Desktop\archive\Data\genres_original\rock\rock.00021.wav,Energetic
C:\Users\orial\OneDrive\Desktop\archive\Data\genres_original\rock\rock.00022.wav,Energetic
C:\Users\orial\OneDrive\Desktop\archive\Data\genres_original\rock\rock.00023.wav,Energetic
C:\Users\orial\OneDrive\Desktop\archive\Data\genres_original\rock\rock.00024.wav,Energetic
C:\Users\orial\OneDrive\Desktop\archive\Data\genres_original\rock\rock.00025.wav,Energetic
C:\Users\orial\OneDrive\Desktop\archive\Data\genres_original\rock\rock.00026.wav,Energetic
C:\Users\orial\OneDrive\Desktop\archive\Data\genres_original\rock\rock.00027.wav,Energetic
C:\Users\orial\OneDrive\Desktop\archive\Data\genres_original\rock\rock.00028.wav,Energetic
C:\Users\orial\OneDrive\Desktop\archive\Data\genres_original\rock\rock.00029.wav,Energetic
C:\Users\orial\OneDrive\Desktop\archive\Data\genres_original\rock\rock.00030.wav,Energetic
C:\Users\orial\OneDrive\Desktop\archive\Data\genres_original\rock\rock.00031.wav,Energetic
C:\Users\orial\OneDrive\Desktop\archive\Data\genres_original\rock\rock.00032.wav,Energetic
C:\Users\orial\OneDrive\Desktop\archive\Data\genres_original\rock\rock.00033.wav,Energetic
C:\Users\orial\OneDrive\Desktop\archive\Data\genres_original\rock\rock.00034.wav,Energetic
C:\Users\orial\OneDrive\Desktop\archive\Data\genres_original\rock\rock.00035.wav,Energetic
C:\Users\orial\OneDrive\Desktop\archive\Data\genres_original\rock\rock.00036.wav,Energetic
C:\Users\orial\OneDrive\Desktop\archive\Data\genres_original\rock\rock.00037.wav,Energetic
C:\Users\orial\OneDrive\Desktop\archive\Data\genres_original\rock\rock.00038.wav,Energetic
C:\Users\orial\OneDrive\Desktop\archive\Data\genres_original\rock\rock.00039.wav,Energetic
C:\Users\orial\OneDrive\Desktop\archive\Data\genres_original\rock\rock.00040.wav,Energetic
C:\Users\orial\OneDrive\Desktop\archive\Data\genres_original\rock\rock.00041.wav,Energetic
C:\Users\orial\OneDrive\Desktop\archive\Data\genres_original\rock\rock.00042.wav,Energetic
C:\Users\orial\OneDrive\Desktop\archive\Data\genres_original\rock\rock.00043.wav,Energetic
C:\Users\orial\OneDrive\Desktop\archive\Data\genres_original\rock\rock.00044.wav,Energetic
C:\Users\orial\OneDrive\Desktop\archive\Data\genres_original\rock\rock.00045.wav,Energetic
C:\Users\orial\OneDrive\Desktop\archive\Data\genres_original\rock\rock.00046.wav,Energetic
C:\Users\orial\OneDrive\Desktop\archive\Data\genres_original\rock\rock.00047.wav,Energetic
C:\Users\orial\OneDrive\Desktop\archive\Data\genres_original\rock\rock.00048.wav,Energetic
C:\Users\orial\OneDrive\Desktop\archive\Data\genres_original\rock\rock.00049.wav,Energetic
C:\Users\orial\OneDrive\Desktop\archive\Data\genres_original\rock\rock.00050.wav,Energetic
C:\Users\orial\OneDrive\Desktop\archive\Data\genres_original\rock\rock.00051.wav,Energetic
C:\Users\orial\OneDrive\Desktop\archive\Data\genres_original\rock\rock.00052.wav,Energetic
C:\Users\orial\OneDrive\Desktop\archive\Data\genres_original\rock\rock.00053.wav,Energetic
C:\Users\orial\OneDrive\Desktop\archive\Data\genres_original\rock\rock.00054.wav,Energetic
C:\Users\orial\OneDrive\Desktop\archive\Data\genres_original\rock\rock.00055.wav,Energetic
C:\Users\orial\OneDrive\Desktop\archive\Data\genres_original\rock\rock.00056.wav,Energetic
C:\Users\orial\OneDrive\Desktop\archive\Data\genres_original\rock\rock.00057.wav,Energetic
C:\Users\orial\OneDrive\Desktop\archive\Data\genres_original\rock\rock.00058.wav,Energetic
C:\Users\orial\OneDrive\Desktop\archive\Data\genres_original\rock\rock.00059.wav,Energetic
C:\Users\orial\OneDrive\Desktop\archive\Data\genres_original\rock\rock.00060.wav,Energetic
C:\Users\orial\OneDrive\Desktop\archive\Data\genres_original\rock\rock.00061.wav,Energetic
C:\Users\orial\OneDrive\Desktop\archive\Data\genres_original\rock\rock.00062.wav,Energetic
C:\Users\orial\OneDrive\Desktop\archive\Data\genres_original\rock\rock.00063.wav,Energetic
C:\Users\orial\OneDrive\Desktop\archive\Data\genres_original\rock\rock.00064.wav,Energetic
C:\Users\orial\OneDrive\Desktop\archive\Data\genres_original\rock\rock.00065.wav,Energetic
C:\Users\orial\OneDrive\Desktop\archive\Data\genres_original\rock\rock.00066.wav,Energetic
C:\Users\orial\OneDrive\Desktop\archive\Data\genres_original\rock\rock.00067.wav,Energetic
C:\Users\orial\OneDrive\Desktop\archive\Data\genres_original\rock\rock.00068.wav,Energetic
C:\Users\orial\OneDrive\Desktop\archive\Data\genres_original\rock\rock.00069.wav,Energetic
C:\Users\orial\OneDrive\Desktop\archive\Data\genres_original\rock\rock.00070.wav,Energetic
C:\Users\orial\OneDrive\Desktop\archive\Data\genres_original\rock\rock.00071.wav,Energetic
C:\Users\orial\OneDrive\Desktop\archive\Data\genres_original\rock\rock.00072.wav,Energetic
C:\Users\orial\OneDrive\Desktop\archive\Data\genres_original\rock\rock.00073.wav,Energetic
C:\Users\orial\OneDrive\Desktop\archive\Data\genres_original\rock\rock.00074.wav,Energetic
C:\Users\orial\OneDrive\Desktop\archive\Data\genres_original\rock\rock.00075.wav,Energetic
C:\Users\orial\OneDrive\Desktop\archive\Data\genres_original\rock\rock.00076.wav,Energetic
C:\Users\orial\OneDrive\Desktop\archive\Data\genres_original\rock\rock.00077.wav,Energetic
C:\Users\orial\OneDrive\Desktop\archive\Data\genres_original\rock\rock.00078.wav,Energetic
C:\Users\orial\OneDrive\Desktop\archive\Data\genres_original\rock\rock.00079.wav,Energetic
C:\Users\orial\OneDrive\Desktop\archive\Data\genres_original\rock\rock.00080.wav,Energetic
C:\Users\orial\OneDrive\Desktop\archive\Data\genres_original\rock\rock.00081.wav,Energetic
C:\Users\orial\OneDrive\Desktop\archive\Data\genres_original\rock\rock.00082.wav,Energetic
C:\Users\orial\OneDrive\Desktop\archive\Data\genres_original\rock\rock.00083.wav,Energetic
C:\Users\orial\OneDrive\Desktop\archive\Data\genres_original\rock\rock.00084.wav,Energetic
C:\Users\orial\OneDrive\Desktop\archive\Data\genres_original\rock\rock.00085.wav,Energetic
C:\Users\orial\OneDrive\Desktop\archive\Data\genres_original\rock\rock.00086.wav,Energetic
C:\Users\orial\OneDrive\Desktop\archive\Data\genres_original\rock\rock.00087.wav,Energetic
C:\Users\orial\OneDrive\Desktop\archive\Data\genres_original\rock\rock.00088.wav,Energetic
C:\Users\orial\OneDrive\Desktop\archive\Data\genres_original\rock\rock.00089.wav,Energetic
C:\Users\orial\OneDrive\Desktop\archive\Data\genres_original\rock\rock.00090.wav,Energetic
C:\Users\orial\OneDrive\Desktop\archive\Data\genres_original\rock\rock.00091.wav,Energetic
C:\Users\orial\OneDrive\Desktop\archive\Data\genres_original\rock\rock.00092.wav,Energetic
C:\Users\orial\OneDrive\Desktop\archive\Data\genres_original\rock\rock.00093.wav,Energetic
C:\Users\orial\OneDrive\Desktop\archive\Data\genres_original\rock\rock.00094.wav,Energetic
C:\Users\orial\OneDrive\Desktop\archive\Data\genres_original\rock\rock.00095.wav,Energetic
C:\Users\orial\OneDrive\Desktop\archive\Data\genres_original\rock\rock.00096.wav,Energetic
C:\Users\orial\OneDrive\Desktop\archive\Data\genres_original\rock\rock.00097.wav,Energetic
C:\Users\orial\OneDrive\Desktop\archive\Data\genres_original\rock\rock.00098.wav,Energetic
C:\Users\orial\OneDrive\Desktop\archive\Data\genres_original\rock\rock.00099.wav,Energetic
